Date,State,TotalSamples,Negative,Positive
2020-04-17,Andaman and Nicobar Islands,1403.0,1210.0,12.0
2020-04-24,Andaman and Nicobar Islands,2679.0,,27.0
2020-04-27,Andaman and Nicobar Islands,2848.0,,33.0
2020-05-01,Andaman and Nicobar Islands,3754.0,,33.0
2020-05-16,Andaman and Nicobar Islands,6677.0,,33.0
2020-05-19,Andaman and Nicobar Islands,6965.0,,33.0
2020-05-20,Andaman and Nicobar Islands,7082.0,,33.0
2020-05-21,Andaman and Nicobar Islands,7167.0,,33.0
2020-05-22,Andaman and Nicobar Islands,7263.0,,33.0
2020-05-23,Andaman and Nicobar Islands,7327.0,,33.0
2020-05-24,Andaman and Nicobar Islands,7327.0,,33.0
2020-05-25,Andaman and Nicobar Islands,7363.0,,33.0
2020-05-26,Andaman and Nicobar Islands,7448.0,,33.0
2020-05-27,Andaman and Nicobar Islands,7499.0,,33.0
2020-05-28,Andaman and Nicobar Islands,7519.0,,33.0
2020-05-29,Andaman and Nicobar Islands,7567.0,,33.0
2020-06-08,Andaman and Nicobar Islands,9341.0,,33.0
2020-06-09,Andaman and Nicobar Islands,9859.0,,33.0
2020-04-02,Andhra Pradesh,1800.0,1175.0,132.0
2020-04-10,Andhra Pradesh,6374.0,6009.0,365.0
2020-04-11,Andhra Pradesh,6958.0,6577.0,381.0
2020-04-12,Andhra Pradesh,6958.0,6553.0,405.0
2020-04-13,Andhra Pradesh,8755.0,8323.0,432.0
2020-04-14,Andhra Pradesh,10505.0,10032.0,473.0
2020-04-15,Andhra Pradesh,11613.0,11088.0,525.0
2020-04-16,Andhra Pradesh,20235.0,19701.0,534.0
2020-04-17,Andhra Pradesh,20235.0,,572.0
2020-04-18,Andhra Pradesh,21450.0,20487.0,603.0
2020-04-19,Andhra Pradesh,26958.0,26311.0,647.0
2020-04-20,Andhra Pradesh,30733.0,30011.0,722.0
2020-04-21,Andhra Pradesh,35755.0,34998.0,757.0
2020-04-22,Andhra Pradesh,41512.0,40699.0,813.0
2020-04-23,Andhra Pradesh,48032.0,47139.0,893.0
2020-04-24,Andhra Pradesh,54338.0,53383.0,955.0
2020-04-25,Andhra Pradesh,61266.0,60250.0,1016.0
2020-04-26,Andhra Pradesh,68034.0,66937.0,1097.0
2020-04-27,Andhra Pradesh,74551.0,73374.0,1177.0
2020-04-28,Andhra Pradesh,80334.0,79075.0,1259.0
2020-04-29,Andhra Pradesh,88061.0,86729.0,1332.0
2020-04-30,Andhra Pradesh,94558.0,93155.0,1403.0
2020-05-01,Andhra Pradesh,102460.0,100997.0,1463.0
2020-05-02,Andhra Pradesh,108403.0,106878.0,1525.0
2020-05-03,Andhra Pradesh,114937.0,113354.0,1583.0
2020-05-04,Andhra Pradesh,125229.0,123579.0,1650.0
2020-05-05,Andhra Pradesh,133492.0,131775.0,1717.0
2020-05-06,Andhra Pradesh,141274.0,139497.0,1777.0
2020-05-07,Andhra Pradesh,149361.0,147528.0,1833.0
2020-05-08,Andhra Pradesh,156681.0,154794.0,1887.0
2020-05-09,Andhra Pradesh,165069.0,163139.0,1930.0
2020-05-10,Andhra Pradesh,173735.0,171755.0,1980.0
2020-05-11,Andhra Pradesh,181144.0,179126.0,2018.0
2020-05-12,Andhra Pradesh,191874.0,189823.0,2051.0
2020-05-13,Andhra Pradesh,201196.0,199059.0,2137.0
2020-05-14,Andhra Pradesh,210452.0,208247.0,2100.0
2020-05-15,Andhra Pradesh,219490.0,217183.0,2157.0
2020-05-17,Andhra Pradesh,238998.0,236618.0,2230.0
2020-05-18,Andhra Pradesh,248771.0,246279.0,2282.0
2020-05-19,Andhra Pradesh,258450.0,255961.0,2339.0
2020-05-20,Andhra Pradesh,267612.0,265052.0,2407.0
2020-05-21,Andhra Pradesh,275704.0,273099.0,2452.0
2020-05-22,Andhra Pradesh,284119.0,281452.0,2514.0
2020-05-23,Andhra Pradesh,292969.0,290255.0,2561.0
2020-05-24,Andhra Pradesh,304326.0,301529.0,2627.0
2020-05-25,Andhra Pradesh,314566.0,311680.0,2671.0
2020-05-26,Andhra Pradesh,322714.0,319731.0,2719.0
2020-05-27,Andhra Pradesh,332378.0,329261.0,2787.0
2020-05-28,Andhra Pradesh,342236.0,338991.0,2841.0
2020-05-29,Andhra Pradesh,353874.0,350544.0,2874.0
2020-05-30,Andhra Pradesh,363378.0,359917.0,2944.0
2020-05-31,Andhra Pradesh,372748.0,369177.0,3045.0
2020-06-01,Andhra Pradesh,383315.0,379639.0,3118.0
2020-06-02,Andhra Pradesh,395681.0,391890.0,3200.0
2020-06-03,Andhra Pradesh,403747.0,399776.0,3279.0
2020-06-04,Andhra Pradesh,413733.0,409621.0,3377.0
2020-06-05,Andhra Pradesh,423564.0,419314.0,3427.0
2020-06-06,Andhra Pradesh,436335.0,431875.0,3588.0
2020-06-07,Andhra Pradesh,454030.0,449371.0,3718.0
2020-06-08,Andhra Pradesh,468276.0,463463.0,3843.0
2020-06-09,Andhra Pradesh,483361.0,478332.0,3990.0
2020-06-10,Andhra Pradesh,498716.0,493469.0,4126.0
2020-04-09,Arunachal Pradesh,206.0,185.0,1.0
2020-04-14,Arunachal Pradesh,280.0,250.0,1.0
2020-04-17,Arunachal Pradesh,363.0,338.0,1.0
2020-04-18,Arunachal Pradesh,389.0,358.0,1.0
2020-04-20,Arunachal Pradesh,439.0,405.0,1.0
2020-04-21,Arunachal Pradesh,454.0,433.0,1.0
2020-04-22,Arunachal Pradesh,496.0,441.0,2.0
2020-04-24,Arunachal Pradesh,526.0,508.0,2.0
2020-04-26,Arunachal Pradesh,568.0,529.0,2.0
2020-04-27,Arunachal Pradesh,584.0,566.0,2.0
2020-04-28,Arunachal Pradesh,610.0,581.0,2.0
2020-04-29,Arunachal Pradesh,662.0,595.0,2.0
2020-04-30,Arunachal Pradesh,694.0,656.0,2.0
2020-05-01,Arunachal Pradesh,724.0,692.0,2.0
2020-05-03,Arunachal Pradesh,810.0,761.0,2.0
2020-05-04,Arunachal Pradesh,869.0,762.0,2.0
2020-05-05,Arunachal Pradesh,970.0,814.0,2.0
2020-05-06,Arunachal Pradesh,1039.0,857.0,2.0
2020-05-07,Arunachal Pradesh,1144.0,952.0,2.0
2020-05-08,Arunachal Pradesh,1354.0,1015.0,2.0
2020-05-09,Arunachal Pradesh,1597.0,1266.0,2.0
2020-05-10,Arunachal Pradesh,1823.0,1363.0,2.0
2020-05-11,Arunachal Pradesh,2078.0,1538.0,2.0
2020-05-12,Arunachal Pradesh,2257.0,1798.0,2.0
2020-05-13,Arunachal Pradesh,2483.0,1902.0,2.0
2020-05-14,Arunachal Pradesh,2677.0,2233.0,2.0
2020-05-15,Arunachal Pradesh,2942.0,2546.0,2.0
2020-05-16,Arunachal Pradesh,3163.0,2861.0,2.0
2020-05-17,Arunachal Pradesh,3349.0,2966.0,2.0
2020-05-18,Arunachal Pradesh,3662.0,3166.0,2.0
2020-05-19,Arunachal Pradesh,3941.0,3392.0,2.0
2020-05-20,Arunachal Pradesh,4157.0,3710.0,2.0
2020-05-21,Arunachal Pradesh,4438.0,3963.0,2.0
2020-05-22,Arunachal Pradesh,4844.0,4211.0,2.0
2020-05-23,Arunachal Pradesh,5206.0,4340.0,2.0
2020-05-24,Arunachal Pradesh,5428.0,4552.0,2.0
2020-05-25,Arunachal Pradesh,5997.0,4941.0,2.0
2020-05-26,Arunachal Pradesh,6319.0,5083.0,2.0
2020-05-27,Arunachal Pradesh,6436.0,5405.0,2.0
2020-05-28,Arunachal Pradesh,6984.0,5677.0,3.0
2020-05-29,Arunachal Pradesh,7488.0,6268.0,3.0
2020-05-30,Arunachal Pradesh,8017.0,6675.0,4.0
2020-05-31,Arunachal Pradesh,8283.0,7012.0,4.0
2020-06-01,Arunachal Pradesh,8768.0,7528.0,22.0
2020-06-02,Arunachal Pradesh,9079.0,7806.0,28.0
2020-06-03,Arunachal Pradesh,9551.0,7927.0,38.0
2020-06-04,Arunachal Pradesh,10025.0,8552.0,43.0
2020-06-05,Arunachal Pradesh,10790.0,8877.0,46.0
2020-06-06,Arunachal Pradesh,11261.0,9350.0,49.0
2020-06-07,Arunachal Pradesh,11516.0,9921.0,51.0
2020-06-08,Arunachal Pradesh,12012.0,10376.0,57.0
2020-06-09,Arunachal Pradesh,12455.0,10642.0,57.0
2020-06-10,Arunachal Pradesh,13035.0,11420.0,61.0
2020-04-02,Assam,962.0,819.0,16.0
2020-04-10,Assam,2863.0,2685.0,29.0
2020-04-11,Assam,3011.0,2842.0,29.0
2020-04-12,Assam,3138.0,2973.0,29.0
2020-04-14,Assam,3491.0,3267.0,31.0
2020-04-15,Assam,3613.0,3492.0,32.0
2020-04-16,Assam,4108.0,3803.0,34.0
2020-04-17,Assam,4236.0,4024.0,34.0
2020-04-18,Assam,4400.0,4199.0,34.0
2020-04-19,Assam,4865.0,4584.0,34.0
2020-04-20,Assam,5112.0,4937.0,34.0
2020-04-21,Assam,5514.0,5245.0,34.0
2020-04-24,Assam,6680.0,6391.0,35.0
2020-04-25,Assam,7159.0,6781.0,35.0
2020-04-26,Assam,7823.0,7474.0,35.0
2020-04-27,Assam,8117.0,7985.0,35.0
2020-04-29,Assam,9520.0,8771.0,37.0
2020-05-02,Assam,11623.0,10499.0,42.0
2020-05-04,Assam,12775.0,11764.0,42.0
2020-05-05,Assam,13442.0,12533.0,43.0
2020-05-09,Assam,16167.0,15076.0,59.0
2020-05-10,Assam,18002.0,16236.0,62.0
2020-05-11,Assam,19589.0,17813.0,64.0
2020-05-12,Assam,21791.0,19211.0,64.0
2020-05-14,Assam,25824.0,23178.0,86.0
2020-05-15,Assam,28178.0,25431.0,86.0
2020-05-16,Assam,31276.0,28332.0,91.0
2020-05-17,Assam,34376.0,32035.0,97.0
2020-05-18,Assam,37898.0,35159.0,106.0
2020-05-19,Assam,41116.0,38138.0,141.0
2020-05-20,Assam,47084.0,42729.0,170.0
2020-05-21,Assam,51730.0,46442.0,203.0
2020-05-22,Assam,55791.0,50450.0,259.0
2020-05-23,Assam,60405.0,54185.0,329.0
2020-05-24,Assam,66444.0,58972.0,378.0
2020-05-25,Assam,70029.0,62244.0,526.0
2020-05-26,Assam,72654.0,66562.0,616.0
2020-05-29,Assam,92390.0,84933.0,1024.0
2020-05-30,Assam,101257.0,91248.0,1185.0
2020-05-31,Assam,109097.0,101006.0,1272.0
2020-06-02,Assam,120375.0,111229.0,1513.0
2020-06-03,Assam,126726.0,117650.0,1672.0
2020-06-04,Assam,133029.0,122618.0,1988.0
2020-06-06,Assam,146605.0,136154.0,2397.0
2020-06-07,Assam,153326.0,142192.0,2565.0
2020-06-09,Assam,169842.0,159760.0,2937.0
2020-04-05,Bihar,3037.0,2299.0,32.0
2020-04-08,Bihar,4596.0,,38.0
2020-04-09,Bihar,4991.0,,43.0
2020-04-10,Bihar,5457.0,,60.0
2020-04-11,Bihar,6250.0,,61.0
2020-04-12,Bihar,6703.0,,64.0
2020-04-13,Bihar,7263.0,,65.0
2020-04-14,Bihar,7727.0,,62.0
2020-04-15,Bihar,8263.0,,66.0
2020-04-16,Bihar,8846.0,,72.0
2020-04-17,Bihar,9486.0,,83.0
2020-04-18,Bihar,10130.0,,85.0
2020-04-19,Bihar,10745.0,,92.0
2020-04-20,Bihar,11319.0,,96.0
2020-04-21,Bihar,11999.0,,115.0
2020-04-22,Bihar,12978.0,,136.0
2020-04-23,Bihar,13785.0,,148.0
2020-04-24,Bihar,14924.0,,176.0
2020-04-25,Bihar,15885.0,,238.0
2020-04-26,Bihar,17041.0,,255.0
2020-04-27,Bihar,18179.0,,328.0
2020-04-28,Bihar,19790.0,,346.0
2020-04-29,Bihar,21180.0,,383.0
2020-04-30,Bihar,22672.0,,409.0
2020-05-01,Bihar,24118.0,,466.0
2020-05-02,Bihar,25724.0,,476.0
2020-05-03,Bihar,26951.0,,485.0
2020-05-04,Bihar,28345.0,,525.0
2020-05-05,Bihar,28791.0,,529.0
2020-05-06,Bihar,29328.0,,539.0
2020-05-07,Bihar,29841.0,,547.0
2020-05-08,Bihar,30320.0,,564.0
2020-05-09,Bihar,31552.0,,585.0
2020-05-10,Bihar,32670.0,,653.0
2020-05-11,Bihar,34662.0,,714.0
2020-05-12,Bihar,37430.0,,796.0
2020-05-13,Bihar,39149.0,,909.0
2020-05-14,Bihar,40782.0,,970.0
2020-05-15,Bihar,42645.0,,1010.0
2020-05-16,Bihar,44340.0,,1083.0
2020-05-17,Bihar,45729.0,,1193.0
2020-05-18,Bihar,46996.0,,1391.0
2020-05-19,Bihar,50563.0,,1495.0
2020-05-20,Bihar,53361.0,,1607.0
2020-05-21,Bihar,55692.0,,1881.0
2020-05-22,Bihar,58481.0,,2098.0
2020-05-23,Bihar,61220.0,,2344.0
2020-05-24,Bihar,63741.0,,2507.0
2020-05-27,Bihar,68262.0,,3010.0
2020-05-28,Bihar,70275.0,,3106.0
2020-05-29,Bihar,72256.0,,3276.0
2020-05-30,Bihar,73929.0,,3511.0
2020-05-31,Bihar,75737.0,,3692.0
2020-06-01,Bihar,78090.0,,3872.0
2020-06-02,Bihar,81413.0,,4049.0
2020-06-03,Bihar,84729.0,,4273.0
2020-06-04,Bihar,88313.0,,4420.0
2020-06-05,Bihar,91903.0,,4551.0
2020-06-06,Bihar,95473.0,,4745.0
2020-06-07,Bihar,99108.0,,4972.0
2020-06-08,Bihar,102318.0,,5176.0
2020-06-09,Bihar,105588.0,,5364.0
2020-06-10,Bihar,109483.0,,5583.0
2020-04-02,Chandigarh,124.0,98.0,18.0
2020-04-08,Chandigarh,184.0,162.0,18.0
2020-04-10,Chandigarh,223.0,199.0,19.0
2020-04-11,Chandigarh,264.0,223.0,19.0
2020-04-12,Chandigarh,279.0,247.0,21.0
2020-04-13,Chandigarh,296.0,263.0,21.0
2020-04-14,Chandigarh,309.0,285.0,21.0
2020-04-15,Chandigarh,317.0,293.0,21.0
2020-04-16,Chandigarh,337.0,315.0,21.0
2020-04-17,Chandigarh,358.0,335.0,21.0
2020-04-18,Chandigarh,381.0,348.0,23.0
2020-04-19,Chandigarh,430.0,388.0,26.0
2020-04-20,Chandigarh,453.0,417.0,26.0
2020-04-21,Chandigarh,497.0,445.0,27.0
2020-04-22,Chandigarh,529.0,492.0,27.0
2020-04-23,Chandigarh,599.0,557.0,27.0
2020-04-24,Chandigarh,638.0,603.0,27.0
2020-04-25,Chandigarh,734.0,668.0,28.0
2020-04-26,Chandigarh,756.0,677.0,30.0
2020-04-27,Chandigarh,843.0,777.0,40.0
2020-04-28,Chandigarh,924.0,857.0,56.0
2020-04-29,Chandigarh,1012.0,922.0,67.0
2020-04-30,Chandigarh,1147.0,1022.0,74.0
2020-05-01,Chandigarh,1252.0,1131.0,88.0
2020-05-02,Chandigarh,1462.0,1339.0,94.0
2020-05-03,Chandigarh,1616.0,1491.0,97.0
2020-05-04,Chandigarh,1678.0,1545.0,102.0
2020-05-05,Chandigarh,1713.0,1576.0,115.0
2020-05-06,Chandigarh,1785.0,1641.0,120.0
2020-05-07,Chandigarh,1845.0,1698.0,129.0
2020-05-08,Chandigarh,1913.0,1748.0,146.0
2020-05-09,Chandigarh,2055.0,1871.0,169.0
2020-05-10,Chandigarh,2142.0,1947.0,173.0
2020-05-11,Chandigarh,2177.0,1978.0,173.0
2020-05-12,Chandigarh,2276.0,2069.0,187.0
2020-05-13,Chandigarh,2420.0,2206.0,189.0
2020-05-14,Chandigarh,2505.0,2299.0,191.0
2020-05-15,Chandigarh,2586.0,2383.0,191.0
2020-05-16,Chandigarh,2718.0,2513.0,191.0
2020-05-17,Chandigarh,2812.0,2604.0,191.0
2020-05-18,Chandigarh,2892.0,2663.0,196.0
2020-05-19,Chandigarh,3031.0,2783.0,199.0
2020-05-21,Chandigarh,3369.0,3125.0,216.0
2020-05-22,Chandigarh,3531.0,3234.0,219.0
2020-05-23,Chandigarh,3749.0,3390.0,225.0
2020-05-24,Chandigarh,3904.0,3514.0,238.0
2020-05-25,Chandigarh,4089.0,3695.0,266.0
2020-05-26,Chandigarh,4207.0,3828.0,278.0
2020-05-27,Chandigarh,4332.0,3991.0,279.0
2020-05-28,Chandigarh,4467.0,4138.0,289.0
2020-05-29,Chandigarh,4543.0,4222.0,289.0
2020-05-30,Chandigarh,4654.0,4342.0,289.0
2020-05-31,Chandigarh,4785.0,4478.0,293.0
2020-06-01,Chandigarh,4816.0,4495.0,294.0
2020-06-02,Chandigarh,4902.0,4573.0,301.0
2020-06-03,Chandigarh,4977.0,4658.0,301.0
2020-06-04,Chandigarh,5059.0,4735.0,302.0
2020-06-05,Chandigarh,5121.0,4793.0,309.0
2020-06-06,Chandigarh,5237.0,4906.0,309.0
2020-06-07,Chandigarh,5312.0,4977.0,314.0
2020-06-08,Chandigarh,5385.0,5040.0,318.0
2020-06-10,Chandigarh,5532.0,5182.0,328.0
2020-04-02,Chhattisgarh,1232.0,921.0,9.0
2020-04-10,Chhattisgarh,3473.0,3322.0,18.0
2020-04-11,Chhattisgarh,3858.0,3503.0,18.0
2020-04-12,Chhattisgarh,3945.0,3856.0,31.0
2020-04-13,Chhattisgarh,4377.0,3969.0,31.0
2020-04-14,Chhattisgarh,4812.0,4319.0,33.0
2020-04-15,Chhattisgarh,5122.0,4878.0,33.0
2020-04-16,Chhattisgarh,5519.0,5168.0,33.0
2020-04-17,Chhattisgarh,5776.0,5484.0,36.0
2020-04-18,Chhattisgarh,5776.0,5484.0,36.0
2020-04-19,Chhattisgarh,6675.0,6086.0,36.0
2020-04-20,Chhattisgarh,7601.0,7029.0,36.0
2020-04-21,Chhattisgarh,8272.0,7555.0,36.0
2020-04-22,Chhattisgarh,9220.0,8296.0,36.0
2020-04-23,Chhattisgarh,10346.0,9206.0,36.0
2020-04-24,Chhattisgarh,11386.0,10213.0,36.0
2020-04-25,Chhattisgarh,12596.0,11168.0,37.0
2020-04-26,Chhattisgarh,13786.0,12406.0,37.0
2020-04-27,Chhattisgarh,14987.0,13882.0,37.0
2020-04-28,Chhattisgarh,15737.0,14953.0,38.0
2020-04-29,Chhattisgarh,16546.0,15658.0,38.0
2020-04-30,Chhattisgarh,17541.0,16602.0,40.0
2020-05-01,Chhattisgarh,18039.0,17199.0,43.0
2020-05-03,Chhattisgarh,19902.0,18848.0,57.0
2020-05-05,Chhattisgarh,21323.0,20300.0,58.0
2020-05-06,Chhattisgarh,22188.0,20873.0,59.0
2020-05-08,Chhattisgarh,23629.0,22509.0,59.0
2020-05-09,Chhattisgarh,24506.0,23326.0,59.0
2020-05-10,Chhattisgarh,25282.0,24186.0,59.0
2020-05-12,Chhattisgarh,27339.0,25741.0,59.0
2020-05-13,Chhattisgarh,28837.0,27012.0,59.0
2020-05-14,Chhattisgarh,29697.0,28234.0,59.0
2020-05-15,Chhattisgarh,31341.0,29812.0,66.0
2020-05-16,Chhattisgarh,32678.0,31275.0,67.0
2020-05-18,Chhattisgarh,36606.0,34656.0,93.0
2020-05-19,Chhattisgarh,39010.0,36586.0,100.0
2020-05-21,Chhattisgarh,45522.0,42618.0,128.0
2020-05-22,Chhattisgarh,48116.0,45022.0,172.0
2020-05-23,Chhattisgarh,49763.0,46894.0,214.0
2020-05-25,Chhattisgarh,55022.0,52598.0,292.0
2020-05-26,Chhattisgarh,57479.0,55539.0,360.0
2020-05-27,Chhattisgarh,59320.0,57283.0,364.0
2020-05-28,Chhattisgarh,61771.0,59585.0,398.0
2020-05-29,Chhattisgarh,63992.0,62983.0,415.0
2020-05-30,Chhattisgarh,66417.0,64762.0,447.0
2020-05-31,Chhattisgarh,69152.0,67268.0,492.0
2020-06-01,Chhattisgarh,70726.0,69361.0,539.0
2020-06-02,Chhattisgarh,73198.0,71218.0,556.0
2020-06-03,Chhattisgarh,76446.0,73706.0,626.0
2020-06-04,Chhattisgarh,78971.0,75519.0,756.0
2020-06-05,Chhattisgarh,81773.0,78134.0,863.0
2020-06-06,Chhattisgarh,85346.0,80477.0,923.0
2020-06-07,Chhattisgarh,88896.0,84344.0,1073.0
2020-06-08,Chhattisgarh,92598.0,86719.0,1160.0
2020-06-09,Chhattisgarh,93059.0,89914.0,1211.0
2020-06-10,Chhattisgarh,94576.0,92049.0,1262.0
2020-04-09,Dadra and Nagar Haveli and Daman and Diu,80.0,80.0,0.0
2020-04-10,Dadra and Nagar Haveli and Daman and Diu,130.0,130.0,0.0
2020-04-11,Dadra and Nagar Haveli and Daman and Diu,211.0,211.0,0.0
2020-04-15,Dadra and Nagar Haveli and Daman and Diu,356.0,356.0,0.0
2020-04-16,Dadra and Nagar Haveli and Daman and Diu,382.0,382.0,0.0
2020-04-21,Dadra and Nagar Haveli and Daman and Diu,474.0,474.0,0.0
2020-04-22,Dadra and Nagar Haveli and Daman and Diu,674.0,674.0,0.0
2020-04-23,Dadra and Nagar Haveli and Daman and Diu,913.0,913.0,0.0
2020-04-25,Dadra and Nagar Haveli and Daman and Diu,1386.0,1386.0,0.0
2020-04-26,Dadra and Nagar Haveli and Daman and Diu,1901.0,1901.0,0.0
2020-04-27,Dadra and Nagar Haveli and Daman and Diu,2379.0,2379.0,0.0
2020-04-29,Dadra and Nagar Haveli and Daman and Diu,2921.0,2921.0,0.0
2020-04-30,Dadra and Nagar Haveli and Daman and Diu,3464.0,3464.0,0.0
2020-05-01,Dadra and Nagar Haveli and Daman and Diu,4003.0,4003.0,0.0
2020-05-03,Dadra and Nagar Haveli and Daman and Diu,4328.0,4328.0,0.0
2020-05-04,Dadra and Nagar Haveli and Daman and Diu,4434.0,4434.0,0.0
2020-05-05,Dadra and Nagar Haveli and Daman and Diu,4781.0,4780.0,1.0
2020-05-06,Dadra and Nagar Haveli and Daman and Diu,4967.0,4966.0,1.0
2020-05-07,Dadra and Nagar Haveli and Daman and Diu,5272.0,5271.0,1.0
2020-05-08,Dadra and Nagar Haveli and Daman and Diu,5430.0,5429.0,1.0
2020-05-10,Dadra and Nagar Haveli and Daman and Diu,5581.0,5580.0,1.0
2020-05-11,Dadra and Nagar Haveli and Daman and Diu,5763.0,5762.0,1.0
2020-05-12,Dadra and Nagar Haveli and Daman and Diu,5977.0,5976.0,1.0
2020-05-13,Dadra and Nagar Haveli and Daman and Diu,6294.0,6293.0,1.0
2020-05-14,Dadra and Nagar Haveli and Daman and Diu,6554.0,6553.0,1.0
2020-05-15,Dadra and Nagar Haveli and Daman and Diu,6916.0,6915.0,1.0
2020-05-17,Dadra and Nagar Haveli and Daman and Diu,7157.0,7156.0,1.0
2020-05-18,Dadra and Nagar Haveli and Daman and Diu,7571.0,7570.0,1.0
2020-05-19,Dadra and Nagar Haveli and Daman and Diu,7829.0,7828.0,1.0
2020-05-20,Dadra and Nagar Haveli and Daman and Diu,8137.0,8136.0,1.0
2020-05-21,Dadra and Nagar Haveli and Daman and Diu,8456.0,8455.0,1.0
2020-05-22,Dadra and Nagar Haveli and Daman and Diu,8979.0,8978.0,1.0
2020-05-23,Dadra and Nagar Haveli and Daman and Diu,9298.0,9296.0,2.0
2020-05-24,Dadra and Nagar Haveli and Daman and Diu,9678.0,9676.0,2.0
2020-05-25,Dadra and Nagar Haveli and Daman and Diu,10085.0,10083.0,2.0
2020-05-26,Dadra and Nagar Haveli and Daman and Diu,10388.0,10386.0,2.0
2020-05-27,Dadra and Nagar Haveli and Daman and Diu,10872.0,10870.0,2.0
2020-05-28,Dadra and Nagar Haveli and Daman and Diu,11177.0,11175.0,2.0
2020-05-29,Dadra and Nagar Haveli and Daman and Diu,11477.0,11475.0,2.0
2020-06-01,Dadra and Nagar Haveli and Daman and Diu,11693.0,11690.0,3.0
2020-06-03,Dadra and Nagar Haveli and Daman and Diu,12064.0,12052.0,12.0
2020-06-04,Dadra and Nagar Haveli and Daman and Diu,12375.0,12361.0,14.0
2020-06-05,Dadra and Nagar Haveli and Daman and Diu,13667.0,13653.0,14.0
2020-06-06,Dadra and Nagar Haveli and Daman and Diu,14780.0,14761.0,19.0
2020-06-07,Dadra and Nagar Haveli and Daman and Diu,15546.0,14926.0,20.0
2020-06-08,Dadra and Nagar Haveli and Daman and Diu,16277.0,15655.0,22.0
2020-06-10,Dadra and Nagar Haveli and Daman and Diu,17179.0,16552.0,27.0
2020-04-01,Delhi,2621.0,,
2020-04-07,Delhi,9041.0,7308.0,576.0
2020-04-09,Delhi,9968.0,8643.0,720.0
2020-04-10,Delhi,11061.0,9662.0,903.0
2020-04-11,Delhi,11709.0,10218.0,1069.0
2020-04-12,Delhi,14036.0,11748.0,1154.0
2020-04-13,Delhi,15032.0,12283.0,1510.0
2020-04-14,Delhi,16282.0,13748.0,1561.0
2020-04-15,Delhi,16605.0,13865.0,1578.0
2020-04-16,Delhi,18784.0,14692.0,1640.0
2020-04-17,Delhi,21409.0,16899.0,1707.0
2020-04-18,Delhi,22283.0,17449.0,1893.0
2020-04-19,Delhi,24387.0,19393.0,2003.0
2020-04-20,Delhi,25900.0,20712.0,2081.0
2020-04-21,Delhi,26627.0,21810.0,2156.0
2020-04-22,Delhi,28309.0,22713.0,2248.0
2020-04-23,Delhi,30560.0,24538.0,2375.0
2020-04-24,Delhi,33672.0,26552.0,2514.0
2020-04-25,Delhi,35519.0,28693.0,2625.0
2020-04-26,Delhi,37613.0,31919.0,2918.0
2020-04-27,Delhi,39911.0,34145.0,3108.0
2020-04-28,Delhi,43370.0,36195.0,3314.0
2020-04-29,Delhi,47225.0,39920.0,3439.0
2020-05-02,Delhi,58210.0,,4122.0
2020-05-03,Delhi,60246.0,,4549.0
2020-05-04,Delhi,64108.0,,4898.0
2020-05-05,Delhi,67852.0,,5104.0
2020-05-06,Delhi,71934.0,,5532.0
2020-05-07,Delhi,77234.0,,5980.0
2020-05-08,Delhi,81367.0,,6318.0
2020-05-09,Delhi,84226.0,,6542.0
2020-05-10,Delhi,93810.0,,6923.0
2020-05-11,Delhi,97678.0,,7233.0
2020-05-12,Delhi,106109.0,,7639.0
2020-05-13,Delhi,113345.0,,7998.0
2020-05-14,Delhi,119736.0,,8470.0
2020-05-15,Delhi,125189.0,,8895.0
2020-05-16,Delhi,130845.0,,9333.0
2020-05-17,Delhi,135791.0,,9755.0
2020-05-18,Delhi,139727.0,,10054.0
2020-05-19,Delhi,145854.0,,10554.0
2020-05-20,Delhi,150282.0,,11088.0
2020-05-21,Delhi,154385.0,,11659.0
2020-05-22,Delhi,160255.0,,12319.0
2020-05-23,Delhi,165047.0,,12910.0
2020-05-24,Delhi,169873.0,,13418.0
2020-05-25,Delhi,174469.0,,14053.0
2020-05-26,Delhi,178579.0,,14465.0
2020-05-27,Delhi,184362.0,,15257.0
2020-05-28,Delhi,191977.0,,16281.0
2020-05-29,Delhi,199626.0,,17386.0
2020-05-30,Delhi,206739.0,,18549.0
2020-05-31,Delhi,212784.0,,19844.0
2020-06-01,Delhi,217537.0,,20834.0
2020-06-02,Delhi,223607.0,,22132.0
2020-06-03,Delhi,230145.0,,23645.0
2020-06-04,Delhi,236506.0,,25004.0
2020-06-05,Delhi,241693.0,,26334.0
2020-06-06,Delhi,246873.0,,27654.0
2020-06-07,Delhi,251915.0,,28936.0
2020-06-08,Delhi,255615.0,,29943.0
2020-06-09,Delhi,261079.0,,31309.0
2020-06-10,Delhi,266156.0,,32810.0
2020-04-02,Goa,220.0,197.0,5.0
2020-04-09,Goa,344.0,,7.0
2020-04-10,Goa,354.0,,7.0
2020-04-12,Goa,406.0,,7.0
2020-04-13,Goa,440.0,,7.0
2020-04-14,Goa,479.0,,7.0
2020-04-15,Goa,556.0,,7.0
2020-04-16,Goa,611.0,,7.0
2020-04-17,Goa,673.0,,7.0
2020-04-18,Goa,758.0,,7.0
2020-04-19,Goa,826.0,,7.0
2020-04-20,Goa,901.0,,7.0
2020-04-21,Goa,1004.0,,7.0
2020-04-22,Goa,1116.0,,7.0
2020-04-23,Goa,1206.0,,7.0
2020-04-27,Goa,1541.0,,7.0
2020-04-28,Goa,1776.0,,7.0
2020-04-29,Goa,1871.0,,7.0
2020-04-30,Goa,2031.0,,7.0
2020-05-01,Goa,2181.0,,7.0
2020-05-02,Goa,2372.0,,7.0
2020-05-03,Goa,2548.0,,7.0
2020-05-04,Goa,2899.0,,7.0
2020-05-05,Goa,3096.0,,7.0
2020-05-06,Goa,3411.0,,7.0
2020-05-08,Goa,4140.0,,7.0
2020-05-09,Goa,4524.0,,7.0
2020-05-10,Goa,4848.0,,7.0
2020-05-11,Goa,5307.0,,7.0
2020-05-14,Goa,6736.0,,7.0
2020-05-15,Goa,7304.0,,7.0
2020-05-16,Goa,8011.0,,20.0
2020-05-17,Goa,8785.0,,29.0
2020-05-18,Goa,8785.0,,29.0
2020-05-19,Goa,9549.0,,46.0
2020-05-20,Goa,10136.0,,50.0
2020-05-21,Goa,10859.0,,52.0
2020-05-22,Goa,11362.0,,54.0
2020-05-23,Goa,11945.0,,55.0
2020-05-24,Goa,12499.0,,66.0
2020-05-25,Goa,12860.0,,67.0
2020-05-26,Goa,13303.0,,67.0
2020-05-27,Goa,13911.0,,68.0
2020-05-28,Goa,14782.0,,69.0
2020-05-29,Goa,16141.0,,69.0
2020-05-30,Goa,17871.0,,70.0
2020-05-31,Goa,19491.0,,71.0
2020-06-01,Goa,20780.0,,73.0
2020-06-02,Goa,22378.0,,79.0
2020-06-03,Goa,23816.0,,126.0
2020-06-04,Goa,25300.0,,166.0
2020-06-05,Goa,26208.0,,196.0
2020-06-06,Goa,27402.0,,267.0
2020-06-07,Goa,29739.0,,300.0
2020-06-08,Goa,31455.0,,330.0
2020-06-09,Goa,32194.0,,359.0
2020-06-10,Goa,35332.0,,387.0
2020-04-08,Gujarat,4224.0,3905.0,186.0
2020-04-10,Gujarat,7718.0,7237.0,378.0
2020-04-11,Gujarat,9763.0,8888.0,468.0
2020-04-12,Gujarat,11715.0,10867.0,516.0
2020-04-13,Gujarat,14251.0,12970.0,572.0
2020-04-14,Gujarat,14980.0,14363.0,617.0
2020-04-15,Gujarat,19197.0,18431.0,766.0
2020-04-16,Gujarat,20903.0,19974.0,929.0
2020-04-17,Gujarat,23483.0,22339.0,1099.0
2020-04-18,Gujarat,26102.0,24726.0,1376.0
2020-04-19,Gujarat,29104.0,27361.0,1743.0
2020-04-20,Gujarat,33316.0,31377.0,1939.0
2020-04-21,Gujarat,36829.0,34651.0,2178.0
2020-04-22,Gujarat,39421.0,37014.0,2407.0
2020-04-23,Gujarat,42384.0,39760.0,2624.0
2020-04-24,Gujarat,46743.0,41007.0,2815.0
2020-04-25,Gujarat,48315.0,45254.0,3061.0
2020-04-26,Gujarat,51091.0,47790.0,3301.0
2020-04-27,Gujarat,53575.0,50028.0,3547.0
2020-04-28,Gujarat,56101.0,52327.0,3774.0
2020-04-29,Gujarat,59488.0,55406.0,4082.0
2020-04-30,Gujarat,64007.0,59612.0,4395.0
2020-05-01,Gujarat,68774.0,64053.0,4721.0
2020-05-02,Gujarat,74116.0,69062.0,5054.0
2020-05-03,Gujarat,80060.0,74632.0,5428.0
2020-05-04,Gujarat,84648.0,78844.0,5804.0
2020-05-05,Gujarat,89632.0,83387.0,6245.0
2020-05-06,Gujarat,95191.0,88566.0,6625.0
2020-05-07,Gujarat,100553.0,93540.0,7013.0
2020-05-08,Gujarat,105386.0,97984.0,7403.0
2020-05-09,Gujarat,109650.0,101853.0,7797.0
2020-05-10,Gujarat,113493.0,105298.0,8195.0
2020-05-11,Gujarat,116470.0,107929.0,8541.0
2020-05-12,Gujarat,119536.0,110633.0,8903.0
2020-05-13,Gujarat,122297.0,113029.0,9268.0
2020-05-14,Gujarat,124708.0,115117.0,9591.0
2020-05-15,Gujarat,127859.0,117927.0,9932.0
2020-05-16,Gujarat,138407.0,127418.0,10989.0
2020-05-17,Gujarat,143600.0,132220.0,11380.0
2020-05-18,Gujarat,148824.0,137078.0,11746.0
2020-05-19,Gujarat,154674.0,142533.0,12141.0
2020-05-20,Gujarat,160772.0,148233.0,12539.0
2020-05-21,Gujarat,166152.0,153242.0,12910.0
2020-05-22,Gujarat,172562.0,159289.0,13273.0
2020-05-23,Gujarat,178068.0,164399.0,13669.0
2020-05-24,Gujarat,182868.0,168806.0,14056.0
2020-05-25,Gujarat,186361.0,171893.0,14468.0
2020-05-26,Gujarat,189313.0,,14821.0
2020-05-27,Gujarat,193863.0,,15203.0
2020-05-28,Gujarat,198048.0,,15572.0
2020-05-29,Gujarat,201481.0,,15944.0
2020-05-30,Gujarat,205780.0,,16356.0
2020-05-31,Gujarat,211930.0,,16794.0
2020-06-01,Gujarat,216258.0,,17217.0
2020-06-02,Gujarat,221610.0,,17632.0
2020-06-03,Gujarat,227898.0,,18117.0
2020-06-04,Gujarat,233921.0,,18609.0
2020-06-05,Gujarat,239911.0,,19119.0
2020-06-06,Gujarat,245606.0,,19617.0
2020-06-07,Gujarat,251686.0,,20097.0
2020-06-08,Gujarat,256289.0,,20574.0
2020-06-09,Gujarat,261587.0,,21044.0
2020-06-10,Gujarat,266404.0,,21554.0
2020-04-03,Haryana,1325.0,938.0,44.0
2020-04-07,Haryana,2520.0,1821.0,141.0
2020-04-08,Haryana,2650.0,1885.0,153.0
2020-04-09,Haryana,2964.0,2017.0,156.0
2020-04-10,Haryana,3527.0,2447.0,162.0
2020-04-11,Haryana,3663.0,2472.0,165.0
2020-04-12,Haryana,3903.0,2513.0,181.0
2020-04-13,Haryana,4489.0,2961.0,182.0
2020-04-14,Haryana,5210.0,3681.0,184.0
2020-04-15,Haryana,7388.0,5581.0,190.0
2020-04-16,Haryana,8064.0,6465.0,214.0
2020-04-17,Haryana,8884.0,7148.0,223.0
2020-04-18,Haryana,10454.0,8093.0,232.0
2020-04-19,Haryana,12687.0,10230.0,250.0
2020-04-20,Haryana,13894.0,11523.0,251.0
2020-04-21,Haryana,14562.0,12253.0,255.0
2020-04-22,Haryana,15561.0,13397.0,264.0
2020-04-23,Haryana,17582.0,15452.0,270.0
2020-04-24,Haryana,18845.0,16642.0,275.0
2020-04-25,Haryana,20270.0,17787.0,287.0
2020-04-26,Haryana,21467.0,19241.0,296.0
2020-04-27,Haryana,22993.0,20702.0,301.0
2020-04-28,Haryana,24826.0,22578.0,308.0
2020-04-29,Haryana,26148.0,24071.0,311.0
2020-04-30,Haryana,28202.0,25929.0,339.0
2020-05-01,Haryana,30191.0,27784.0,357.0
2020-05-02,Haryana,31200.0,28867.0,369.0
2020-05-03,Haryana,35278.0,32583.0,442.0
2020-05-04,Haryana,38183.0,34501.0,517.0
2020-05-05,Haryana,40982.0,36806.0,548.0
2020-05-06,Haryana,43279.0,38590.0,594.0
2020-05-07,Haryana,46495.0,41861.0,625.0
2020-05-08,Haryana,49746.0,43974.0,647.0
2020-05-09,Haryana,53282.0,48468.0,675.0
2020-05-10,Haryana,56983.0,51046.0,703.0
2020-05-11,Haryana,59735.0,53697.0,730.0
2020-05-12,Haryana,62377.0,56440.0,780.0
2020-05-13,Haryana,65785.0,59890.0,793.0
2020-05-14,Haryana,69191.0,63791.0,818.0
2020-05-15,Haryana,72326.0,66687.0,854.0
2020-05-16,Haryana,75097.0,69660.0,887.0
2020-05-17,Haryana,78029.0,72494.0,910.0
2020-05-18,Haryana,80698.0,75045.0,928.0
2020-05-19,Haryana,82544.0,77296.0,964.0
2020-05-20,Haryana,83944.0,78379.0,970.0
2020-05-21,Haryana,88138.0,82372.0,1031.0
2020-05-22,Haryana,91119.0,85317.0,1067.0
2020-05-23,Haryana,94035.0,88051.0,1131.0
2020-05-24,Haryana,97006.0,91138.0,1184.0
2020-05-25,Haryana,99987.0,94725.0,1213.0
2020-05-26,Haryana,102018.0,97350.0,1305.0
2020-05-27,Haryana,104747.0,99555.0,1381.0
2020-05-28,Haryana,108031.0,102260.0,1504.0
2020-05-29,Haryana,110940.0,105169.0,1721.0
2020-05-30,Haryana,114683.0,108385.0,1923.0
2020-05-31,Haryana,118138.0,11709.0,2091.0
2020-06-01,Haryana,121779.0,114792.0,2356.0
2020-06-02,Haryana,124564.0,117340.0,2652.0
2020-06-03,Haryana,127895.0,120393.0,2954.0
2020-06-04,Haryana,132575.0,124769.0,3281.0
2020-06-05,Haryana,137452.0,129027.0,3597.0
2020-06-06,Haryana,141688.0,132684.0,3952.0
2020-06-07,Haryana,145722.0,136555.0,4448.0
2020-06-08,Haryana,150220.0,140081.0,4854.0
2020-06-09,Haryana,153692.0,143513.0,5209.0
2020-06-10,Haryana,158470.0,147453.0,5438.0
2020-04-10,Himachal Pradesh,900.0,870.0,30.0
2020-04-11,Himachal Pradesh,900.0,870.0,30.0
2020-04-12,Himachal Pradesh,1113.0,944.0,32.0
2020-04-13,Himachal Pradesh,1210.0,1109.0,32.0
2020-04-14,Himachal Pradesh,1311.0,1232.0,32.0
2020-04-15,Himachal Pradesh,1426.0,1391.0,35.0
2020-04-16,Himachal Pradesh,1604.0,1559.0,35.0
2020-04-17,Himachal Pradesh,1992.0,1740.0,36.0
2020-04-18,Himachal Pradesh,2207.0,2091.0,39.0
2020-04-19,Himachal Pradesh,2553.0,2337.0,39.0
2020-04-20,Himachal Pradesh,2892.0,2714.0,39.0
2020-04-21,Himachal Pradesh,3341.0,2933.0,39.0
2020-04-22,Himachal Pradesh,3700.0,3510.0,39.0
2020-04-23,Himachal Pradesh,4020.0,3943.0,40.0
2020-04-24,Himachal Pradesh,4328.0,4160.0,40.0
2020-04-25,Himachal Pradesh,4623.0,4363.0,40.0
2020-04-26,Himachal Pradesh,4901.0,4794.0,40.0
2020-04-27,Himachal Pradesh,5106.0,5022.0,40.0
2020-04-28,Himachal Pradesh,5391.0,5344.0,40.0
2020-04-29,Himachal Pradesh,5772.0,5726.0,40.0
2020-04-30,Himachal Pradesh,6133.0,6091.0,40.0
2020-05-01,Himachal Pradesh,6472.0,6432.0,40.0
2020-05-02,Himachal Pradesh,6836.0,6791.0,40.0
2020-05-03,Himachal Pradesh,7185.0,7133.0,40.0
2020-05-04,Himachal Pradesh,7430.0,7320.0,41.0
2020-05-05,Himachal Pradesh,7893.0,7800.0,42.0
2020-05-06,Himachal Pradesh,8491.0,8055.0,43.0
2020-05-07,Himachal Pradesh,9005.0,8833.0,46.0
2020-05-08,Himachal Pradesh,9522.0,9434.0,50.0
2020-05-09,Himachal Pradesh,10208.0,10047.0,52.0
2020-05-10,Himachal Pradesh,10791.0,10343.0,55.0
2020-05-11,Himachal Pradesh,11267.0,11016.0,59.0
2020-05-12,Himachal Pradesh,12224.0,11846.0,66.0
2020-05-13,Himachal Pradesh,13190.0,12867.0,67.0
2020-05-14,Himachal Pradesh,14256.0,13307.0,70.0
2020-05-15,Himachal Pradesh,15557.0,15076.0,76.0
2020-05-16,Himachal Pradesh,16534.0,16079.0,78.0
2020-05-17,Himachal Pradesh,17417.0,17049.0,80.0
2020-05-18,Himachal Pradesh,18224.0,17946.0,90.0
2020-05-19,Himachal Pradesh,19645.0,18994.0,92.0
2020-05-20,Himachal Pradesh,21147.0,20449.0,110.0
2020-05-21,Himachal Pradesh,22641.0,21812.0,152.0
2020-05-22,Himachal Pradesh,24246.0,23307.0,168.0
2020-05-23,Himachal Pradesh,25905.0,24625.0,185.0
2020-05-24,Himachal Pradesh,27288.0,26524.0,203.0
2020-05-25,Himachal Pradesh,28346.0,27596.0,223.0
2020-05-26,Himachal Pradesh,29379.0,28989.0,247.0
2020-05-27,Himachal Pradesh,30852.0,30019.0,273.0
2020-05-28,Himachal Pradesh,32449.0,31655.0,281.0
2020-05-29,Himachal Pradesh,33979.0,33486.0,295.0
2020-05-30,Himachal Pradesh,35668.0,34933.0,313.0
2020-05-31,Himachal Pradesh,37168.0,36618.0,331.0
2020-06-01,Himachal Pradesh,37897.0,37233.0,340.0
2020-06-02,Himachal Pradesh,39620.0,38993.0,345.0
2020-06-03,Himachal Pradesh,41351.0,40621.0,359.0
2020-06-04,Himachal Pradesh,42703.0,42081.0,383.0
2020-06-05,Himachal Pradesh,43688.0,43149.0,393.0
2020-06-06,Himachal Pradesh,44509.0,43942.0,400.0
2020-06-07,Himachal Pradesh,45888.0,45254.0,411.0
2020-06-08,Himachal Pradesh,46416.0,45956.0,421.0
2020-06-09,Himachal Pradesh,47655.0,46541.0,437.0
2020-06-10,Himachal Pradesh,48922.0,48123.0,451.0
2020-04-05,Jammu and Kashmir,1551.0,1429.0,106.0
2020-04-10,Jammu and Kashmir,2961.0,2754.0,207.0
2020-04-11,Jammu and Kashmir,3206.0,2982.0,224.0
2020-04-12,Jammu and Kashmir,3600.0,3355.0,245.0
2020-04-13,Jammu and Kashmir,4065.0,3795.0,270.0
2020-04-14,Jammu and Kashmir,4619.0,4341.0,278.0
2020-04-15,Jammu and Kashmir,5171.0,4871.0,300.0
2020-04-16,Jammu and Kashmir,5680.0,5366.0,314.0
2020-04-17,Jammu and Kashmir,6438.0,6110.0,328.0
2020-04-18,Jammu and Kashmir,6937.0,6596.0,341.0
2020-04-19,Jammu and Kashmir,7895.0,7545.0,350.0
2020-04-20,Jammu and Kashmir,8612.0,8244.0,368.0
2020-04-21,Jammu and Kashmir,9220.0,8840.0,380.0
2020-04-22,Jammu and Kashmir,10039.0,9632.0,407.0
2020-04-23,Jammu and Kashmir,10977.0,10550.0,427.0
2020-04-24,Jammu and Kashmir,11764.0,11310.0,454.0
2020-04-25,Jammu and Kashmir,12835.0,12341.0,494.0
2020-04-26,Jammu and Kashmir,13959.0,13436.0,523.0
2020-04-27,Jammu and Kashmir,14988.0,14442.0,546.0
2020-04-28,Jammu and Kashmir,16619.0,16054.0,565.0
2020-04-29,Jammu and Kashmir,18450.0,17869.0,581.0
2020-04-30,Jammu and Kashmir,19746.0,19132.0,614.0
2020-05-01,Jammu and Kashmir,21695.0,21056.0,639.0
2020-05-02,Jammu and Kashmir,23406.0,22794.0,666.0
2020-05-03,Jammu and Kashmir,26038.0,25337.0,701.0
2020-05-04,Jammu and Kashmir,28199.0,27473.0,726.0
2020-05-05,Jammu and Kashmir,31312.0,30571.0,741.0
2020-05-06,Jammu and Kashmir,34277.0,33502.0,775.0
2020-05-07,Jammu and Kashmir,37706.0,36913.0,793.0
2020-05-08,Jammu and Kashmir,42427.0,41604.0,823.0
2020-05-09,Jammu and Kashmir,44753.0,43917.0,836.0
2020-05-10,Jammu and Kashmir,47080.0,46291.0,861.0
2020-05-11,Jammu and Kashmir,51334.0,50455.0,879.0
2020-05-12,Jammu and Kashmir,53726.0,52792.0,934.0
2020-05-13,Jammu and Kashmir,57111.0,56140.0,971.0
2020-05-14,Jammu and Kashmir,63515.0,62532.0,983.0
2020-05-15,Jammu and Kashmir,70306.0,69293.0,1013.0
2020-05-16,Jammu and Kashmir,76191.0,75070.0,1121.0
2020-05-17,Jammu and Kashmir,80934.0,79751.0,1183.0
2020-05-18,Jammu and Kashmir,88601.0,87312.0,1289.0
2020-05-19,Jammu and Kashmir,96826.0,95509.0,1317.0
2020-05-20,Jammu and Kashmir,101950.0,100560.0,1390.0
2020-05-21,Jammu and Kashmir,107108.0,105659.0,1449.0
2020-05-22,Jammu and Kashmir,114859.0,113370.0,1489.0
2020-05-23,Jammu and Kashmir,124074.0,122505.0,1569.0
2020-05-24,Jammu and Kashmir,130433.0,128812.0,1621.0
2020-05-25,Jammu and Kashmir,134188.0,132520.0,1668.0
2020-05-26,Jammu and Kashmir,140962.0,139203.0,1759.0
2020-05-27,Jammu and Kashmir,145162.0,143241.0,1921.0
2020-05-28,Jammu and Kashmir,153522.0,151486.0,2036.0
2020-05-29,Jammu and Kashmir,158729.0,156565.0,2164.0
2020-05-30,Jammu and Kashmir,164581.0,162240.0,2341.0
2020-05-31,Jammu and Kashmir,171045.0,168599.0,2446.0
2020-06-01,Jammu and Kashmir,176309.0,173708.0,2601.0
2020-06-02,Jammu and Kashmir,183067.0,180349.0,2718.0
2020-06-03,Jammu and Kashmir,189364.0,186507.0,2857.0
2020-06-04,Jammu and Kashmir,195677.0,192535.0,3142.0
2020-06-05,Jammu and Kashmir,202257.0,198933.0,3324.0
2020-06-06,Jammu and Kashmir,211880.0,208413.0,3467.0
2020-06-07,Jammu and Kashmir,218481.0,214394.0,4087.0
2020-06-08,Jammu and Kashmir,227906.0,223621.0,4285.0
2020-06-09,Jammu and Kashmir,235816.0,231470.0,4346.0
2020-06-10,Jammu and Kashmir,241891.0,237384.0,4507.0
2020-04-10,Jharkhand,1340.0,1326.0,14.0
2020-04-11,Jharkhand,1546.0,1529.0,17.0
2020-04-12,Jharkhand,1683.0,1666.0,17.0
2020-04-13,Jharkhand,1982.0,1963.0,19.0
2020-04-14,Jharkhand,2334.0,2307.0,27.0
2020-04-17,Jharkhand,3143.0,3111.0,32.0
2020-04-18,Jharkhand,3431.0,3398.0,33.0
2020-04-19,Jharkhand,3646.0,3608.0,38.0
2020-04-20,Jharkhand,4235.0,4190.0,45.0
2020-04-22,Jharkhand,5176.0,5127.0,49.0
2020-04-23,Jharkhand,5380.0,5327.0,53.0
2020-04-24,Jharkhand,6162.0,6105.0,57.0
2020-04-25,Jharkhand,6970.0,6903.0,67.0
2020-04-26,Jharkhand,7806.0,7724.0,82.0
2020-04-27,Jharkhand,8757.0,8654.0,103.0
2020-04-28,Jharkhand,9408.0,9303.0,105.0
2020-04-29,Jharkhand,10268.0,10161.0,107.0
2020-04-30,Jharkhand,10987.0,10878.0,109.0
2020-05-01,Jharkhand,11771.0,11658.0,113.0
2020-05-02,Jharkhand,12393.0,12278.0,115.0
2020-05-03,Jharkhand,13055.0,12940.0,115.0
2020-05-04,Jharkhand,13832.0,13717.0,115.0
2020-05-05,Jharkhand,15064.0,14939.0,125.0
2020-05-06,Jharkhand,15908.0,15799.0,127.0
2020-05-07,Jharkhand,17101.0,16969.0,132.0
2020-05-08,Jharkhand,17219.0,17087.0,132.0
2020-05-09,Jharkhand,18632.0,18478.0,154.0
2020-05-10,Jharkhand,20832.0,20675.0,157.0
2020-05-11,Jharkhand,21201.0,21041.0,160.0
2020-05-12,Jharkhand,22815.0,22651.0,164.0
2020-05-13,Jharkhand,25769.0,25592.0,177.0
2020-05-14,Jharkhand,27789.0,27592.0,197.0
2020-05-15,Jharkhand,29236.0,29025.0,211.0
2020-05-16,Jharkhand,31025.0,30808.0,217.0
2020-05-17,Jharkhand,33220.0,32997.0,223.0
2020-05-18,Jharkhand,35359.0,35131.0,228.0
2020-05-19,Jharkhand,37589.0,37341.0,248.0
2020-05-20,Jharkhand,39402.0,39121.0,281.0
2020-05-21,Jharkhand,41936.0,41633.0,303.0
2020-05-22,Jharkhand,43988.0,43665.0,323.0
2020-05-23,Jharkhand,45785.0,45435.0,350.0
2020-05-24,Jharkhand,48641.0,48271.0,370.0
2020-05-25,Jharkhand,50709.0,50304.0,405.0
2020-05-26,Jharkhand,53309.0,52883.0,426.0
2020-05-27,Jharkhand,55427.0,54969.0,458.0
2020-05-28,Jharkhand,57250.0,56781.0,469.0
2020-05-29,Jharkhand,59452.0,58931.0,521.0
2020-05-30,Jharkhand,62916.0,62353.0,563.0
2020-05-31,Jharkhand,65886.0,65256.0,610.0
2020-06-01,Jharkhand,69187.0,68526.0,661.0
2020-06-02,Jharkhand,71296.0,70584.0,712.0
2020-06-03,Jharkhand,74499.0,73735.0,764.0
2020-06-04,Jharkhand,77641.0,76814.0,827.0
2020-06-05,Jharkhand,80097.0,79175.0,922.0
2020-06-06,Jharkhand,84444.0,83416.0,1028.0
2020-06-07,Jharkhand,87721.0,86618.0,1103.0
2020-06-08,Jharkhand,92325.0,91035.0,1290.0
2020-06-09,Jharkhand,95099.0,93683.0,1416.0
2020-06-10,Jharkhand,95500.0,94077.0,1423.0
2020-04-03,Karnataka,4587.0,4281.0,128.0
2020-04-07,Karnataka,6580.0,5942.0,175.0
2020-04-08,Karnataka,6967.0,6473.0,181.0
2020-04-09,Karnataka,7613.0,7176.0,197.0
2020-04-10,Karnataka,7975.0,7673.0,207.0
2020-04-11,Karnataka,8560.0,8231.0,215.0
2020-04-12,Karnataka,9251.0,8831.0,232.0
2020-04-13,Karnataka,10017.0,9572.0,247.0
2020-04-14,Karnataka,11107.0,10554.0,260.0
2020-04-15,Karnataka,12483.0,11905.0,279.0
2020-04-16,Karnataka,13724.0,13074.0,315.0
2020-04-17,Karnataka,17594.0,14606.0,359.0
2020-04-18,Karnataka,19186.0,15658.0,384.0
2020-04-19,Karnataka,21367.0,17662.0,390.0
2020-04-20,Karnataka,23460.0,19497.0,408.0
2020-04-21,Karnataka,26233.0,22222.0,418.0
2020-04-22,Karnataka,29512.0,25424.0,427.0
2020-04-23,Karnataka,32122.0,28174.0,445.0
2020-04-24,Karnataka,35958.0,31914.0,474.0
2020-04-25,Karnataka,39083.0,34888.0,500.0
2020-04-26,Karnataka,42964.0,38207.0,503.0
2020-04-27,Karnataka,45685.0,43791.0,512.0
2020-04-28,Karnataka,50512.0,48508.0,523.0
2020-04-29,Karnataka,55404.0,53241.0,535.0
2020-04-30,Karnataka,60156.0,57548.0,565.0
2020-05-01,Karnataka,64898.0,61855.0,589.0
2020-05-02,Karnataka,69730.0,66475.0,601.0
2020-05-03,Karnataka,74898.0,70998.0,614.0
2020-05-04,Karnataka,79193.0,74664.0,651.0
2020-05-05,Karnataka,83806.0,78860.0,673.0
2020-05-06,Karnataka,88777.0,83056.0,693.0
2020-05-07,Karnataka,93535.0,87756.0,705.0
2020-05-08,Karnataka,98081.0,92237.0,753.0
2020-05-09,Karnataka,103098.0,97326.0,794.0
2020-05-10,Karnataka,107311.0,102266.0,848.0
2020-05-11,Karnataka,111595.0,106467.0,862.0
2020-05-12,Karnataka,116533.0,111264.0,925.0
2020-05-13,Karnataka,121178.0,119420.0,959.0
2020-05-14,Karnataka,128373.0,126766.0,987.0
2020-05-15,Karnataka,133724.0,132074.0,1056.0
2020-05-16,Karnataka,140024.0,138216.0,1092.0
2020-05-17,Karnataka,145398.0,143444.0,1147.0
2020-05-18,Karnataka,151663.0,149566.0,1246.0
2020-05-19,Karnataka,158599.0,156247.0,1395.0
2020-05-20,Karnataka,166781.0,164199.0,1462.0
2020-05-21,Karnataka,174297.0,171484.0,1605.0
2020-05-22,Karnataka,186526.0,183088.0,1743.0
2020-05-23,Karnataka,196196.0,192127.0,1959.0
2020-05-24,Karnataka,206313.0,201978.0,2089.0
2020-05-25,Karnataka,219894.0,215308.0,2182.0
2020-05-26,Karnataka,228914.0,223477.0,2283.0
2020-05-27,Karnataka,241608.0,235876.0,2418.0
2020-05-28,Karnataka,252078.0,246115.0,2533.0
2020-05-29,Karnataka,264489.0,258130.0,2781.0
2020-05-30,Karnataka,280217.0,273404.0,2922.0
2020-05-31,Karnataka,293575.0,286245.0,3221.0
2020-06-01,Karnataka,304816.0,297052.0,3408.0
2020-06-02,Karnataka,319628.0,310967.0,3796.0
2020-06-03,Karnataka,334825.0,325686.0,4063.0
2020-06-04,Karnataka,347093.0,337154.0,4320.0
2020-06-05,Karnataka,360720.0,349951.0,4835.0
2020-06-06,Karnataka,372582.0,361382.0,5213.0
2020-06-07,Karnataka,384442.0,372399.0,5452.0
2020-06-08,Karnataka,393221.0,380630.0,5760.0
2020-06-09,Karnataka,400257.0,387027.0,5921.0
2020-06-10,Karnataka,408506.0,394603.0,6041.0
2020-04-01,Kerala,7965.0,7256.0,265.0
2020-04-02,Kerala,8456.0,7622.0,286.0
2020-04-03,Kerala,9139.0,8126.0,295.0
2020-04-04,Kerala,9744.0,8586.0,306.0
2020-04-05,Kerala,10221.0,9300.0,314.0
2020-04-06,Kerala,10716.0,9607.0,327.0
2020-04-07,Kerala,11232.0,10250.0,336.0
2020-04-08,Kerala,11986.0,10906.0,354.0
2020-04-09,Kerala,12710.0,11469.0,357.0
2020-04-10,Kerala,13339.0,12335.0,364.0
2020-04-11,Kerala,14163.0,12818.0,373.0
2020-04-12,Kerala,14989.0,13802.0,375.0
2020-04-13,Kerala,15683.0,14829.0,378.0
2020-04-14,Kerala,16235.0,15488.0,386.0
2020-04-15,Kerala,16475.0,16002.0,387.0
2020-04-16,Kerala,17400.0,16459.0,394.0
2020-04-17,Kerala,18029.0,17279.0,395.0
2020-04-18,Kerala,18774.0,17763.0,399.0
2020-04-19,Kerala,19351.0,18547.0,401.0
2020-04-20,Kerala,19756.0,19074.0,408.0
2020-04-21,Kerala,20252.0,19442.0,426.0
2020-04-22,Kerala,20821.0,19998.0,437.0
2020-04-23,Kerala,21334.0,20326.0,447.0
2020-04-24,Kerala,21940.0,20830.0,450.0
2020-04-25,Kerala,22360.0,21475.0,457.0
2020-04-26,Kerala,22954.0,21997.0,468.0
2020-04-27,Kerala,24146.0,23148.0,481.0
2020-04-28,Kerala,24855.0,24078.0,485.0
2020-04-29,Kerala,25827.0,24681.0,495.0
2020-04-30,Kerala,27481.0,26032.0,497.0
2020-05-01,Kerala,29012.0,27224.0,497.0
2020-05-02,Kerala,33276.0,31592.0,499.0
2020-05-03,Kerala,34608.0,33294.0,499.0
2020-05-04,Kerala,35441.0,34161.0,499.0
2020-05-05,Kerala,36312.0,35244.0,502.0
2020-05-06,Kerala,37546.0,36210.0,502.0
2020-05-07,Kerala,38206.0,36856.0,502.0
2020-05-08,Kerala,39266.0,38294.0,503.0
2020-05-09,Kerala,40123.0,39233.0,505.0
2020-05-10,Kerala,41279.0,40155.0,512.0
2020-05-11,Kerala,41700.0,40889.0,512.0
2020-05-12,Kerala,42461.0,41621.0,524.0
2020-05-13,Kerala,43648.0,42574.0,534.0
2020-05-14,Kerala,45039.0,43868.0,560.0
2020-05-15,Kerala,46831.0,45063.0,576.0
2020-05-16,Kerala,48433.0,46458.0,587.0
2020-05-17,Kerala,50036.0,47964.0,601.0
2020-05-18,Kerala,51059.0,49763.0,630.0
2020-05-19,Kerala,52588.0,50867.0,642.0
2020-05-20,Kerala,54633.0,52689.0,666.0
2020-05-21,Kerala,56373.0,54541.0,690.0
2020-05-22,Kerala,58382.0,56165.0,733.0
2020-05-23,Kerala,60443.0,58192.0,795.0
2020-05-24,Kerala,61900.0,59943.0,848.0
2020-05-25,Kerala,63009.0,61698.0,897.0
2020-05-26,Kerala,65303.0,63010.0,964.0
2020-05-27,Kerala,67961.0,65099.0,1004.0
2020-05-28,Kerala,70622.0,67677.0,1089.0
2020-05-29,Kerala,74214.0,71083.0,1151.0
2020-05-30,Kerala,77257.0,73775.0,1209.0
2020-05-31,Kerala,77508.0,75697.0,1270.0
2020-06-01,Kerala,82449.0,78310.0,1327.0
2020-06-02,Kerala,86169.0,81157.0,1413.0
2020-06-03,Kerala,95348.0,84870.0,1495.0
2020-06-04,Kerala,99692.0,87403.0,1589.0
2020-06-05,Kerala,104045.0,92818.0,1700.0
2020-06-06,Kerala,107796.0,97114.0,1808.0
2020-06-07,Kerala,111930.0,100319.0,1915.0
2020-06-08,Kerala,113956.0,103472.0,2006.0
2020-06-09,Kerala,126088.0,111892.0,2097.0
2020-06-10,Kerala,131006.0,116425.0,2162.0
2020-04-13,Ladakh,618.0,,17.0
2020-04-14,Ladakh,760.0,615.0,17.0
2020-04-15,Ladakh,820.0,657.0,18.0
2020-04-16,Ladakh,917.0,695.0,18.0
2020-04-19,Ladakh,991.0,797.0,18.0
2020-04-21,Ladakh,1137.0,896.0,18.0
2020-04-29,Ladakh,1949.0,1299.0,22.0
2020-04-30,Ladakh,2245.0,1384.0,22.0
2020-05-01,Ladakh,2430.0,1545.0,22.0
2020-05-02,Ladakh,2434.0,1618.0,23.0
2020-05-03,Ladakh,2434.0,1674.0,41.0
2020-05-04,Ladakh,2639.0,1879.0,41.0
2020-05-09,Ladakh,3503.0,2948.0,42.0
2020-05-13,Ladakh,3683.0,3353.0,43.0
2020-05-16,Ladakh,4067.0,3571.0,43.0
2020-05-18,Ladakh,4219.0,3791.0,43.0
2020-05-19,Ladakh,4730.0,3935.0,43.0
2020-05-21,Ladakh,5291.0,4081.0,44.0
2020-05-22,Ladakh,5505.0,4173.0,44.0
2020-05-23,Ladakh,5727.0,4505.0,49.0
2020-05-24,Ladakh,5730.0,4733.0,52.0
2020-05-25,Ladakh,5896.0,4894.0,53.0
2020-05-30,Ladakh,7354.0,6145.0,74.0
2020-05-31,Ladakh,7354.0,6167.0,77.0
2020-06-02,Ladakh,8310.0,6465.0,81.0
2020-06-05,Ladakh,9754.0,7204.0,97.0
2020-06-06,Ladakh,10164.0,7214.0,99.0
2020-06-09,Ladakh,10249.0,7888.0,108.0
2020-04-05,Madhya Pradesh,2812.0,1954.0,193.0
2020-04-07,Madhya Pradesh,3770.0,3125.0,290.0
2020-04-08,Madhya Pradesh,4056.0,3443.0,341.0
2020-04-09,Madhya Pradesh,5135.0,3989.0,411.0
2020-04-10,Madhya Pradesh,7049.0,4840.0,451.0
2020-04-11,Madhya Pradesh,8516.0,5790.0,529.0
2020-04-12,Madhya Pradesh,10481.0,6875.0,562.0
2020-04-13,Madhya Pradesh,10481.0,6875.0,614.0
2020-04-14,Madhya Pradesh,8105.0,7103.0,741.0
2020-04-15,Madhya Pradesh,9596.0,8658.0,938.0
2020-04-16,Madhya Pradesh,13492.0,12326.0,1164.0
2020-04-17,Madhya Pradesh,15302.0,13992.0,1310.0
2020-04-18,Madhya Pradesh,14978.0,13576.0,1402.0
2020-04-19,Madhya Pradesh,17835.0,16428.0,1407.0
2020-04-20,Madhya Pradesh,19142.0,17657.0,1485.0
2020-04-21,Madhya Pradesh,20905.0,19353.0,1552.0
2020-04-22,Madhya Pradesh,22664.0,21077.0,1587.0
2020-04-23,Madhya Pradesh,24548.0,22861.0,1687.0
2020-04-24,Madhya Pradesh,26233.0,24387.0,1846.0
2020-04-25,Madhya Pradesh,27866.0,25921.0,1945.0
2020-04-26,Madhya Pradesh,25232.0,21716.0,2090.0
2020-04-27,Madhya Pradesh,27009.0,23500.0,2165.0
2020-04-28,Madhya Pradesh,31060.0,26159.0,2387.0
2020-04-29,Madhya Pradesh,33837.0,29261.0,2560.0
2020-04-30,Madhya Pradesh,41712.0,29816.0,2625.0
2020-05-01,Madhya Pradesh,44116.0,39353.0,2715.0
2020-05-02,Madhya Pradesh,46578.0,41460.0,2788.0
2020-05-03,Madhya Pradesh,49186.0,43937.0,2837.0
2020-05-04,Madhya Pradesh,52095.0,46634.0,2942.0
2020-05-05,Madhya Pradesh,54595.0,48931.0,3049.0
2020-05-06,Madhya Pradesh,54595.0,51479.0,3138.0
2020-05-07,Madhya Pradesh,61020.0,55002.0,3252.0
2020-05-08,Madhya Pradesh,63705.0,57528.0,3341.0
2020-05-09,Madhya Pradesh,68010.0,61629.0,3457.0
2020-05-10,Madhya Pradesh,72069.0,65436.0,3614.0
2020-05-11,Madhya Pradesh,76039.0,69187.0,3785.0
2020-05-12,Madhya Pradesh,80885.0,73761.0,3986.0
2020-05-13,Madhya Pradesh,85903.0,77738.0,4173.0
2020-05-14,Madhya Pradesh,89760.0,82028.0,4426.0
2020-05-15,Madhya Pradesh,93849.0,85879.0,4595.0
2020-05-16,Madhya Pradesh,99677.0,91393.0,4790.0
2020-05-17,Madhya Pradesh,103898.0,95355.0,4977.0
2020-05-18,Madhya Pradesh,112168.0,100469.0,5236.0
2020-05-19,Madhya Pradesh,116473.0,104348.0,5465.0
2020-05-20,Madhya Pradesh,120737.0,108744.0,5735.0
2020-05-21,Madhya Pradesh,125608.0,112947.0,5981.0
2020-05-22,Madhya Pradesh,129060.0,116835.0,6170.0
2020-05-23,Madhya Pradesh,132769.0,121033.0,6371.0
2020-05-24,Madhya Pradesh,135889.0,124549.0,6665.0
2020-05-25,Madhya Pradesh,138584.0,128267.0,6859.0
2020-05-26,Madhya Pradesh,141508.0,131415.0,7024.0
2020-05-27,Madhya Pradesh,146144.0,134774.0,7261.0
2020-05-28,Madhya Pradesh,151182.0,138387.0,7453.0
2020-05-29,Madhya Pradesh,155436.0,142383.0,7645.0
2020-05-30,Madhya Pradesh,161552.0,146616.0,7891.0
2020-05-31,Madhya Pradesh,167808.0,151793.0,8089.0
2020-06-01,Madhya Pradesh,172019.0,157790.0,8283.0
2020-06-02,Madhya Pradesh,177481.0,163100.0,8420.0
2020-06-03,Madhya Pradesh,183662.0,168219.0,8588.0
2020-06-04,Madhya Pradesh,189252.0,173392.0,8762.0
2020-06-05,Madhya Pradesh,195249.0,179234.0,8996.0
2020-06-06,Madhya Pradesh,200913.0,184202.0,9228.0
2020-06-07,Madhya Pradesh,208514.0,190155.0,9401.0
2020-06-08,Madhya Pradesh,215194.0,196497.0,9638.0
2020-06-09,Madhya Pradesh,220936.0,203131.0,9849.0
2020-06-10,Madhya Pradesh,228042.0,210081.0,10049.0
2020-04-05,Maharashtra,16008.0,14837.0,
2020-04-06,Maharashtra,17563.0,15808.0,868.0
2020-04-07,Maharashtra,20877.0,19290.0,1018.0
2020-04-09,Maharashtra,20877.0,19290.0,868.0
2020-04-10,Maharashtra,30000.0,28865.0,1135.0
2020-04-11,Maharashtra,31841.0,30477.0,1761.0
2020-04-12,Maharashtra,35668.0,34094.0,1761.0
2020-04-13,Maharashtra,39725.0,37964.0,1996.0
2020-04-14,Maharashtra,41071.0,39089.0,2340.0
2020-04-15,Maharashtra,45142.0,42808.0,2690.0
2020-04-16,Maharashtra,50882.0,48198.0,2916.0
2020-04-17,Maharashtra,55678.0,52762.0,3204.0
2020-04-18,Maharashtra,60166.0,56964.0,3323.0
2020-04-19,Maharashtra,66796.0,63476.0,3651.0
2020-04-20,Maharashtra,71321.0,67673.0,4204.0
2020-04-21,Maharashtra,75838.0,71638.0,4676.0
2020-04-22,Maharashtra,82304.0,77638.0,5229.0
2020-04-23,Maharashtra,89197.0,83979.0,5218.0
2020-04-24,Maharashtra,95210.0,89561.0,6427.0
2020-04-25,Maharashtra,100912.0,94485.0,6817.0
2020-04-26,Maharashtra,107979.0,101162.0,7928.0
2020-04-27,Maharashtra,115147.0,107519.0,8068.0
2020-04-28,Maharashtra,120620.0,112552.0,8590.0
2020-04-29,Maharashtra,128726.0,120136.0,9318.0
2020-04-30,Maharashtra,135694.0,126376.0,9915.0
2020-05-01,Maharashtra,144159.0,134244.0,10498.0
2020-05-02,Maharashtra,151085.0,140587.0,11506.0
2020-05-03,Maharashtra,159754.0,148248.0,12296.0
2020-05-04,Maharashtra,168374.0,156078.0,12974.0
2020-05-05,Maharashtra,175323.0,162349.0,14541.0
2020-05-06,Maharashtra,181746.0,167205.0,15525.0
2020-05-07,Maharashtra,189220.0,173838.0,16758.0
2020-05-08,Maharashtra,200477.0,183862.0,17974.0
2020-05-09,Maharashtra,210174.0,192197.0,19063.0
2020-05-10,Maharashtra,225524.0,206481.0,20228.0
2020-05-11,Maharashtra,218914.0,193457.0,23401.0
2020-05-12,Maharashtra,222284.0,196165.0,23401.0
2020-05-13,Maharashtra,231061.0,203536.0,24427.0
2020-05-14,Maharashtra,240482.0,211082.0,25922.0
2020-05-15,Maharashtra,250898.0,219635.0,27524.0
2020-05-16,Maharashtra,261815.0,228956.0,29100.0
2020-05-17,Maharashtra,274040.0,238476.0,30706.0
2020-05-18,Maharashtra,282437.0,245512.0,33053.0
2020-05-19,Maharashtra,294272.0,255065.0,35058.0
2020-05-20,Maharashtra,307535.0,265872.0,37136.0
2020-05-21,Maharashtra,319921.0,276369.0,39297.0
2020-05-22,Maharashtra,333087.0,286157.0,41642.0
2020-05-23,Maharashtra,348932.0,299107.0,44582.0
2020-05-24,Maharashtra,363470.0,310565.0,47190.0
2020-05-25,Maharashtra,379185.0,323937.0,50231.0
2020-05-26,Maharashtra,390757.0,333468.0,52667.0
2020-05-27,Maharashtra,405020.0,345151.0,54758.0
2020-05-28,Maharashtra,420473.0,358253.0,56948.0
2020-05-29,Maharashtra,434565.0,369442.0,59546.0
2020-05-30,Maharashtra,448661.0,380425.0,62228.0
2020-05-31,Maharashtra,463177.0,392516.0,65168.0
2020-06-01,Maharashtra,472344.0,399419.0,67655.0
2020-06-02,Maharashtra,484784.0,409178.0,70013.0
2020-06-03,Maharashtra,498577.0,420644.0,72300.0
2020-06-04,Maharashtra,511136.0,430100.0,74860.0
2020-06-05,Maharashtra,524002.0,440445.0,77793.0
2020-06-06,Maharashtra,538009.0,451764.0,80229.0
2020-06-07,Maharashtra,553063.0,463723.0,82968.0
2020-06-08,Maharashtra,565290.0,473588.0,85975.0
2020-06-09,Maharashtra,579294.0,485144.0,88528.0
2020-06-10,Maharashtra,595282.0,497990.0,90787.0
2020-04-14,Manipur,276.0,,2.0
2020-04-17,Manipur,311.0,,2.0
2020-04-24,Manipur,402.0,,2.0
2020-04-25,Manipur,416.0,,2.0
2020-04-30,Manipur,459.0,,2.0
2020-05-01,Manipur,461.0,,2.0
2020-05-02,Manipur,468.0,,2.0
2020-05-04,Manipur,571.0,,2.0
2020-05-07,Manipur,684.0,,2.0
2020-05-08,Manipur,756.0,,2.0
2020-05-09,Manipur,865.0,,2.0
2020-05-10,Manipur,1096.0,,2.0
2020-05-11,Manipur,1337.0,,2.0
2020-05-13,Manipur,1706.0,,2.0
2020-05-15,Manipur,1799.0,,3.0
2020-05-16,Manipur,1900.0,,4.0
2020-05-18,Manipur,2483.0,,7.0
2020-05-20,Manipur,3087.0,,20.0
2020-05-22,Manipur,3721.0,,26.0
2020-05-23,Manipur,4094.0,,29.0
2020-05-25,Manipur,5041.0,,36.0
2020-05-26,Manipur,6233.0,,39.0
2020-05-27,Manipur,6836.0,,44.0
2020-05-28,Manipur,7758.0,,55.0
2020-05-29,Manipur,8596.0,,59.0
2020-06-03,Manipur,12454.0,,118.0
2020-06-05,Manipur,14629.0,,132.0
2020-06-07,Manipur,17028.0,,172.0
2020-06-09,Manipur,18612.0,,304.0
2020-06-10,Manipur,19756.0,,311.0
2020-04-16,Meghalaya,552.0,299.0,7.0
2020-04-17,Meghalaya,617.0,541.0,9.0
2020-04-18,Meghalaya,738.0,667.0,11.0
2020-04-19,Meghalaya,766.0,678.0,11.0
2020-04-20,Meghalaya,838.0,714.0,11.0
2020-04-21,Meghalaya,933.0,821.0,12.0
2020-04-22,Meghalaya,1046.0,904.0,12.0
2020-04-23,Meghalaya,1109.0,1000.0,12.0
2020-04-24,Meghalaya,1130.0,1048.0,12.0
2020-04-25,Meghalaya,1169.0,1097.0,12.0
2020-04-27,Meghalaya,1254.0,1182.0,12.0
2020-04-28,Meghalaya,1382.0,1202.0,12.0
2020-04-29,Meghalaya,1397.0,1288.0,12.0
2020-04-30,Meghalaya,1595.0,1433.0,12.0
2020-05-02,Meghalaya,1707.0,1655.0,12.0
2020-05-04,Meghalaya,1884.0,1782.0,12.0
2020-05-05,Meghalaya,1944.0,1822.0,12.0
2020-05-07,Meghalaya,2054.0,1967.0,12.0
2020-05-09,Meghalaya,2287.0,2178.0,12.0
2020-05-10,Meghalaya,2287.0,2178.0,13.0
2020-05-11,Meghalaya,2480.0,2342.0,13.0
2020-05-15,Meghalaya,2712.0,2597.0,13.0
2020-05-18,Meghalaya,2896.0,,13.0
2020-05-19,Meghalaya,3104.0,,13.0
2020-05-20,Meghalaya,3419.0,,13.0
2020-05-22,Meghalaya,3682.0,,14.0
2020-05-26,Meghalaya,6553.0,5599.0,15.0
2020-05-27,Meghalaya,6685.0,,20.0
2020-05-31,Meghalaya,7781.0,,27.0
2020-06-01,Meghalaya,8127.0,,27.0
2020-06-02,Meghalaya,8734.0,,28.0
2020-06-03,Meghalaya,9025.0,,28.0
2020-06-04,Meghalaya,9395.0,,31.0
2020-06-05,Meghalaya,9592.0,,31.0
2020-06-06,Meghalaya,10066.0,,33.0
2020-06-07,Meghalaya,10066.0,,33.0
2020-06-08,Meghalaya,10746.0,,36.0
2020-06-09,Meghalaya,11247.0,,40.0
2020-06-10,Meghalaya,11505.0,,44.0
2020-04-06,Mizoram,58.0,0.0,1.0
2020-04-07,Mizoram,58.0,0.0,1.0
2020-04-08,Mizoram,74.0,,1.0
2020-04-09,Mizoram,84.0,,1.0
2020-04-12,Mizoram,87.0,,1.0
2020-04-13,Mizoram,89.0,,1.0
2020-04-14,Mizoram,91.0,,1.0
2020-04-15,Mizoram,94.0,,1.0
2020-04-16,Mizoram,94.0,,1.0
2020-04-18,Mizoram,102.0,,1.0
2020-04-19,Mizoram,116.0,,1.0
2020-04-20,Mizoram,132.0,,1.0
2020-04-21,Mizoram,135.0,,1.0
2020-04-22,Mizoram,135.0,,1.0
2020-04-23,Mizoram,137.0,,1.0
2020-04-26,Mizoram,146.0,,1.0
2020-04-27,Mizoram,146.0,,1.0
2020-04-28,Mizoram,158.0,,1.0
2020-04-29,Mizoram,179.0,,1.0
2020-04-30,Mizoram,180.0,,1.0
2020-05-01,Mizoram,180.0,,1.0
2020-05-02,Mizoram,183.0,,1.0
2020-05-03,Mizoram,183.0,,1.0
2020-05-04,Mizoram,183.0,,1.0
2020-05-05,Mizoram,188.0,,1.0
2020-05-06,Mizoram,195.0,,1.0
2020-05-07,Mizoram,197.0,,1.0
2020-05-08,Mizoram,199.0,,1.0
2020-05-09,Mizoram,201.0,,1.0
2020-05-10,Mizoram,201.0,,1.0
2020-05-11,Mizoram,206.0,,1.0
2020-05-12,Mizoram,224.0,,1.0
2020-05-13,Mizoram,224.0,,1.0
2020-05-14,Mizoram,273.0,,1.0
2020-05-15,Mizoram,273.0,,1.0
2020-05-16,Mizoram,282.0,,1.0
2020-05-17,Mizoram,282.0,,1.0
2020-05-18,Mizoram,301.0,,1.0
2020-05-19,Mizoram,313.0,,1.0
2020-05-20,Mizoram,315.0,,1.0
2020-05-21,Mizoram,320.0,,1.0
2020-05-22,Mizoram,324.0,,1.0
2020-05-23,Mizoram,336.0,,1.0
2020-05-24,Mizoram,342.0,,1.0
2020-05-25,Mizoram,359.0,,1.0
2020-05-26,Mizoram,438.0,,1.0
2020-05-28,Mizoram,516.0,,1.0
2020-05-29,Mizoram,529.0,,1.0
2020-05-30,Mizoram,686.0,,1.0
2020-05-31,Mizoram,777.0,,1.0
2020-06-01,Mizoram,896.0,,1.0
2020-06-02,Mizoram,1012.0,,13.0
2020-06-03,Mizoram,1095.0,,14.0
2020-06-04,Mizoram,1346.0,,17.0
2020-06-05,Mizoram,1687.0,,22.0
2020-06-06,Mizoram,1991.0,,24.0
2020-06-07,Mizoram,2252.0,,34.0
2020-06-08,Mizoram,2496.0,,42.0
2020-06-09,Mizoram,2747.0,,88.0
2020-04-06,Nagaland,60.0,47.0,0.0
2020-04-10,Nagaland,70.0,69.0,0.0
2020-04-11,Nagaland,70.0,70.0,0.0
2020-04-12,Nagaland,74.0,70.0,0.0
2020-04-14,Nagaland,174.0,97.0,0.0
2020-04-15,Nagaland,184.0,174.0,0.0
2020-04-17,Nagaland,274.0,222.0,0.0
2020-04-18,Nagaland,392.0,292.0,0.0
2020-04-19,Nagaland,404.0,345.0,0.0
2020-04-20,Nagaland,434.0,404.0,0.0
2020-04-21,Nagaland,537.0,456.0,0.0
2020-04-22,Nagaland,543.0,481.0,0.0
2020-04-23,Nagaland,607.0,543.0,0.0
2020-04-25,Nagaland,613.0,607.0,0.0
2020-04-26,Nagaland,613.0,613.0,0.0
2020-04-27,Nagaland,629.0,613.0,0.0
2020-04-28,Nagaland,639.0,620.0,0.0
2020-04-29,Nagaland,644.0,631.0,0.0
2020-04-30,Nagaland,653.0,640.0,0.0
2020-05-01,Nagaland,664.0,650.0,0.0
2020-05-02,Nagaland,674.0,661.0,0.0
2020-05-03,Nagaland,684.0,663.0,0.0
2020-05-04,Nagaland,708.0,679.0,0.0
2020-05-05,Nagaland,724.0,771.0,0.0
2020-05-06,Nagaland,763.0,712.0,0.0
2020-05-07,Nagaland,786.0,728.0,0.0
2020-05-08,Nagaland,805.0,775.0,0.0
2020-05-09,Nagaland,848.0,786.0,0.0
2020-05-10,Nagaland,862.0,806.0,0.0
2020-05-11,Nagaland,875.0,848.0,0.0
2020-05-12,Nagaland,882.0,872.0,0.0
2020-05-13,Nagaland,889.0,872.0,0.0
2020-05-14,Nagaland,891.0,873.0,0.0
2020-05-15,Nagaland,910.0,889.0,0.0
2020-05-16,Nagaland,917.0,891.0,0.0
2020-05-17,Nagaland,952.0,914.0,0.0
2020-05-18,Nagaland,961.0,914.0,0.0
2020-05-19,Nagaland,978.0,948.0,0.0
2020-05-20,Nagaland,985.0,952.0,0.0
2020-05-21,Nagaland,1001.0,978.0,0.0
2020-05-22,Nagaland,1035.0,1012.0,0.0
2020-05-23,Nagaland,1065.0,1015.0,0.0
2020-05-24,Nagaland,1097.0,1032.0,0.0
2020-05-25,Nagaland,1366.0,1078.0,3.0
2020-05-26,Nagaland,1366.0,1080.0,4.0
2020-05-27,Nagaland,1554.0,1224.0,9.0
2020-05-28,Nagaland,1765.0,1317.0,18.0
2020-05-29,Nagaland,1997.0,1409.0,25.0
2020-05-30,Nagaland,2210.0,1496.0,36.0
2020-05-31,Nagaland,2576.0,1596.0,43.0
2020-06-01,Nagaland,2870.0,1744.0,43.0
2020-06-02,Nagaland,3257.0,1836.0,49.0
2020-06-03,Nagaland,3414.0,2002.0,58.0
2020-06-04,Nagaland,3739.0,2151.0,80.0
2020-06-05,Nagaland,3974.0,2372.0,94.0
2020-06-06,Nagaland,4061.0,2614.0,107.0
2020-06-07,Nagaland,4371.0,2956.0,118.0
2020-06-08,Nagaland,4729.0,3176.0,123.0
2020-06-09,Nagaland,4896.0,3512.0,127.0
2020-06-10,Nagaland,5220.0,3867.0,128.0
2020-04-03,Odisha,1395.0,1108.0,20.0
2020-04-07,Odisha,2441.0,,42.0
2020-04-08,Odisha,2441.0,2399.0,42.0
2020-04-09,Odisha,3249.0,3201.0,48.0
2020-04-10,Odisha,3547.0,3497.0,50.0
2020-04-11,Odisha,3551.0,3497.0,51.0
2020-04-12,Odisha,3862.0,3808.0,54.0
2020-04-13,Odisha,4170.0,4116.0,54.0
2020-04-14,Odisha,4734.0,4678.0,56.0
2020-04-15,Odisha,5537.0,5477.0,60.0
2020-04-16,Odisha,6734.0,6674.0,60.0
2020-04-17,Odisha,7577.0,7517.0,60.0
2020-04-18,Odisha,8619.0,8559.0,60.0
2020-04-19,Odisha,9690.0,9629.0,61.0
2020-04-20,Odisha,10641.0,,68.0
2020-04-21,Odisha,11748.0,,79.0
2020-04-22,Odisha,13775.0,,83.0
2020-04-23,Odisha,15984.0,,89.0
2020-04-24,Odisha,18458.0,,94.0
2020-04-25,Odisha,20599.0,,94.0
2020-04-26,Odisha,22816.0,,103.0
2020-04-27,Odisha,25103.0,,111.0
2020-04-28,Odisha,26687.0,,118.0
2020-04-29,Odisha,29108.0,,122.0
2020-04-30,Odisha,31696.0,,142.0
2020-05-01,Odisha,34133.0,,149.0
2020-05-02,Odisha,36593.0,,157.0
2020-05-03,Odisha,38658.0,,162.0
2020-05-04,Odisha,41128.0,,169.0
2020-05-05,Odisha,44663.0,,170.0
2020-05-06,Odisha,47454.0,,185.0
2020-05-07,Odisha,50514.0,,209.0
2020-05-08,Odisha,52974.0,,271.0
2020-05-09,Odisha,56322.0,,294.0
2020-05-10,Odisha,59780.0,,362.0
2020-05-11,Odisha,63478.0,,414.0
2020-05-12,Odisha,68057.0,,437.0
2020-05-13,Odisha,72756.0,,538.0
2020-05-14,Odisha,77150.0,,611.0
2020-05-15,Odisha,81919.0,,672.0
2020-05-16,Odisha,86140.0,,737.0
2020-05-17,Odisha,91223.0,,828.0
2020-05-18,Odisha,95766.0,,876.0
2020-05-19,Odisha,100302.0,,978.0
2020-05-20,Odisha,105914.0,,1052.0
2020-05-21,Odisha,108432.0,,1103.0
2020-05-22,Odisha,113437.0,,1189.0
2020-05-23,Odisha,118446.0,,1269.0
2020-05-24,Odisha,123834.0,,1335.0
2020-05-25,Odisha,127776.0,,1438.0
2020-05-26,Odisha,131595.0,,1517.0
2020-05-27,Odisha,136274.0,,1593.0
2020-05-28,Odisha,139311.0,,1660.0
2020-05-29,Odisha,143570.0,,1723.0
2020-05-30,Odisha,147490.0,,1819.0
2020-05-31,Odisha,152131.0,,1948.0
2020-06-01,Odisha,155690.0,,2104.0
2020-06-02,Odisha,159567.0,,2245.0
2020-06-03,Odisha,162891.0,,2388.0
2020-06-04,Odisha,165824.0,,2478.0
2020-06-05,Odisha,169010.0,,2608.0
2020-06-06,Odisha,172598.0,,2781.0
2020-06-07,Odisha,176098.0,,2856.0
2020-06-08,Odisha,179415.0,,2994.0
2020-06-09,Odisha,182384.0,,3140.0
2020-06-10,Odisha,185401.0,,3250.0
2020-04-18,Puducherry,1207.0,1159.0,7.0
2020-04-19,Puducherry,1245.0,1214.0,7.0
2020-04-20,Puducherry,1272.0,1232.0,7.0
2020-04-21,Puducherry,1319.0,1272.0,7.0
2020-04-22,Puducherry,1473.0,1354.0,7.0
2020-04-23,Puducherry,1548.0,1513.0,7.0
2020-04-24,Puducherry,1704.0,1657.0,7.0
2020-04-25,Puducherry,1864.0,1793.0,8.0
2020-04-26,Puducherry,1977.0,1902.0,8.0
2020-04-27,Puducherry,2014.0,1942.0,8.0
2020-04-28,Puducherry,2156.0,2099.0,8.0
2020-04-29,Puducherry,2228.0,2150.0,8.0
2020-04-30,Puducherry,2353.0,2292.0,8.0
2020-05-01,Puducherry,2698.0,2583.0,9.0
2020-05-02,Puducherry,2990.0,2902.0,12.0
2020-05-03,Puducherry,3155.0,3097.0,12.0
2020-05-04,Puducherry,3281.0,3220.0,12.0
2020-05-05,Puducherry,3560.0,3444.0,12.0
2020-05-06,Puducherry,3641.0,3554.0,12.0
2020-05-07,Puducherry,3866.0,3766.0,13.0
2020-05-08,Puducherry,4111.0,3866.0,15.0
2020-05-09,Puducherry,4266.0,4028.0,16.0
2020-05-10,Puducherry,4364.0,4273.0,17.0
2020-05-11,Puducherry,4486.0,4416.0,17.0
2020-05-13,Puducherry,4919.0,4832.0,18.0
2020-05-14,Puducherry,5112.0,4963.0,18.0
2020-05-15,Puducherry,5312.0,5162.0,21.0
2020-05-16,Puducherry,5484.0,5320.0,22.0
2020-05-17,Puducherry,5619.0,5501.0,22.0
2020-05-18,Puducherry,5754.0,5709.0,22.0
2020-05-19,Puducherry,5829.0,5762.0,22.0
2020-05-20,Puducherry,5960.0,5889.0,24.0
2020-05-21,Puducherry,6106.0,5995.0,31.0
2020-05-22,Puducherry,6233.0,6143.0,32.0
2020-05-23,Puducherry,6349.0,6254.0,39.0
2020-05-24,Puducherry,6536.0,6444.0,45.0
2020-05-25,Puducherry,6606.0,6537.0,47.0
2020-05-26,Puducherry,6677.0,6593.0,52.0
2020-05-27,Puducherry,6808.0,6711.0,60.0
2020-05-28,Puducherry,6917.0,6286.0,61.0
2020-05-29,Puducherry,7043.0,6910.0,65.0
2020-05-30,Puducherry,7164.0,7004.0,71.0
2020-05-31,Puducherry,7255.0,7116.0,81.0
2020-06-01,Puducherry,7354.0,7198.0,81.0
2020-06-02,Puducherry,7444.0,7339.0,91.0
2020-06-03,Puducherry,7576.0,7447.0,98.0
2020-06-04,Puducherry,7794.0,7647.0,109.0
2020-06-05,Puducherry,7963.0,7791.0,115.0
2020-06-06,Puducherry,8118.0,7968.0,118.0
2020-06-07,Puducherry,8274.0,8112.0,134.0
2020-06-08,Puducherry,8472.0,8292.0,142.0
2020-06-09,Puducherry,11752.0,11548.0,143.0
2020-06-10,Puducherry,8954.0,8712.0,156.0
2020-04-02,Punjab,1434.0,1236.0,37.0
2020-04-08,Punjab,2937.0,2614.0,106.0
2020-04-09,Punjab,3192.0,2777.0,130.0
2020-04-10,Punjab,3461.0,2972.0,151.0
2020-04-11,Punjab,3909.0,3249.0,158.0
2020-04-12,Punjab,4281.0,3590.0,170.0
2020-04-13,Punjab,4480.0,3858.0,176.0
2020-04-14,Punjab,4844.0,4047.0,184.0
2020-04-15,Punjab,5193.0,4404.0,186.0
2020-04-16,Punjab,5524.0,4727.0,197.0
2020-04-17,Punjab,5988.0,5113.0,211.0
2020-04-18,Punjab,6167.0,5354.0,234.0
2020-04-19,Punjab,6607.0,5949.0,244.0
2020-04-20,Punjab,6797.0,6273.0,245.0
2020-04-21,Punjab,7355.0,6769.0,251.0
2020-04-22,Punjab,7887.0,7100.0,257.0
2020-04-23,Punjab,8757.0,7433.0,283.0
2020-04-24,Punjab,10611.0,8310.0,298.0
2020-04-25,Punjab,13270.0,9392.0,308.0
2020-04-26,Punjab,14317.0,10497.0,322.0
2020-04-27,Punjab,15516.0,12333.0,330.0
2020-04-28,Punjab,17021.0,13966.0,342.0
2020-04-29,Punjab,18670.0,15690.0,375.0
2020-04-30,Punjab,21205.0,17286.0,480.0
2020-05-01,Punjab,23176.0,18222.0,585.0
2020-05-02,Punjab,24868.0,19316.0,772.0
2020-05-03,Punjab,26439.0,20197.0,1102.0
2020-05-04,Punjab,28545.0,21295.0,1232.0
2020-05-05,Punjab,30199.0,23352.0,1451.0
2020-05-06,Punjab,32060.0,24303.0,1526.0
2020-05-07,Punjab,34701.0,28933.0,1644.0
2020-05-08,Punjab,37950.0,31219.0,1731.0
2020-05-09,Punjab,39462.0,33639.0,1762.0
2020-05-10,Punjab,40962.0,35293.0,1823.0
2020-05-11,Punjab,42306.0,37993.0,1877.0
2020-05-12,Punjab,43999.0,39060.0,1914.0
2020-05-13,Punjab,46026.0,40637.0,1924.0
2020-05-14,Punjab,47408.0,42425.0,1935.0
2020-05-15,Punjab,49301.0,44319.0,1932.0
2020-05-16,Punjab,50613.0,46028.0,1946.0
2020-05-17,Punjab,51812.0,47484.0,1964.0
2020-05-18,Punjab,52955.0,48813.0,1980.0
2020-05-19,Punjab,55634.0,50070.0,2002.0
2020-05-20,Punjab,57737.0,51956.0,2005.0
2020-05-21,Punjab,59618.0,53871.0,2028.0
2020-05-22,Punjab,62399.0,55777.0,2029.0
2020-05-23,Punjab,63567.0,57899.0,2045.0
2020-05-24,Punjab,66142.0,60114.0,2060.0
2020-05-25,Punjab,67213.0,62686.0,2081.0
2020-05-26,Punjab,69818.0,64160.0,2106.0
2020-05-27,Punjab,72468.0,66417.0,2139.0
2020-05-28,Punjab,72468.0,67325.0,2158.0
2020-05-29,Punjab,81021.0,,2197.0
2020-05-30,Punjab,84497.0,,2233.0
2020-05-31,Punjab,87852.0,,2263.0
2020-06-01,Punjab,91113.0,,2301.0
2020-06-02,Punjab,96329.0,,2342.0
2020-06-03,Punjab,101036.0,,2376.0
2020-06-04,Punjab,106933.0,,2415.0
2020-06-05,Punjab,113542.0,,2461.0
2020-06-06,Punjab,115974.0,,2515.0
2020-06-07,Punjab,124266.0,,2608.0
2020-06-08,Punjab,129821.0,,2663.0
2020-06-09,Punjab,136343.0,,2719.0
2020-06-10,Punjab,144467.0,,2805.0
2020-04-05,Rajasthan,12279.0,11439.0,260.0
2020-04-07,Rajasthan,17638.0,16401.0,363.0
2020-04-08,Rajasthan,17638.0,16401.0,363.0
2020-04-09,Rajasthan,19107.0,17851.0,463.0
2020-04-10,Rajasthan,22349.0,20698.0,561.0
2020-04-11,Rajasthan,24857.0,22583.0,678.0
2020-04-12,Rajasthan,28505.0,25105.0,796.0
2020-04-13,Rajasthan,31804.0,28657.0,847.0
2020-04-14,Rajasthan,34928.0,29376.0,1005.0
2020-04-15,Rajasthan,37860.0,31902.0,1076.0
2020-04-16,Rajasthan,40778.0,33739.0,1101.0
2020-04-17,Rajasthan,42847.0,36153.0,1229.0
2020-04-18,Rajasthan,47197.0,39092.0,1282.0
2020-04-19,Rajasthan,51614.0,43537.0,1478.0
2020-04-20,Rajasthan,57290.0,47657.0,1576.0
2020-04-21,Rajasthan,61492.0,54100.0,1735.0
2020-04-22,Rajasthan,66257.0,58552.0,1888.0
2020-04-23,Rajasthan,69764.0,63485.0,1964.0
2020-04-24,Rajasthan,74484.0,68133.0,2034.0
2020-04-25,Rajasthan,78993.0,71806.0,2083.0
2020-04-26,Rajasthan,82942.0,75670.0,2185.0
2020-04-27,Rajasthan,87777.0,80830.0,2262.0
2020-04-28,Rajasthan,92506.0,85834.0,2364.0
2020-04-29,Rajasthan,97790.0,90108.0,2438.0
2020-04-30,Rajasthan,103704.0,,2584.0
2020-05-01,Rajasthan,108543.0,100277.0,2666.0
2020-05-02,Rajasthan,113934.0,104705.0,2720.0
2020-05-03,Rajasthan,120240.0,112345.0,2886.0
2020-05-04,Rajasthan,129258.0,122513.0,3061.0
2020-05-05,Rajasthan,134987.0,128297.0,3158.0
2020-05-06,Rajasthan,139580.0,134172.0,3317.0
2020-05-07,Rajasthan,145510.0,139830.0,3427.0
2020-05-08,Rajasthan,152245.0,146198.0,3579.0
2020-05-09,Rajasthan,159157.0,152296.0,3708.0
2020-05-10,Rajasthan,166424.0,158830.0,3814.0
2020-05-11,Rajasthan,176130.0,168546.0,3988.0
2020-05-12,Rajasthan,185610.0,,4126.0
2020-05-13,Rajasthan,194683.0,186125.0,4328.0
2020-05-14,Rajasthan,204243.0,197269.0,4534.0
2020-05-15,Rajasthan,212317.0,203770.0,4747.0
2020-05-16,Rajasthan,221439.0,213395.0,4960.0
2020-05-17,Rajasthan,231946.0,221764.0,5202.0
2020-05-18,Rajasthan,243476.0,234165.0,5375.0
2020-05-19,Rajasthan,254533.0,244955.0,5845.0
2020-05-20,Rajasthan,265555.0,254128.0,6015.0
2020-05-21,Rajasthan,275974.0,266687.0,6227.0
2020-05-22,Rajasthan,287164.0,277744.0,6494.0
2020-05-23,Rajasthan,303935.0,292384.0,6657.0
2020-05-24,Rajasthan,317067.0,306209.0,7028.0
2020-05-25,Rajasthan,327836.0,318146.0,7300.0
2020-05-26,Rajasthan,337159.0,326368.0,7536.0
2020-05-27,Rajasthan,350600.0,338611.0,7816.0
2020-05-28,Rajasthan,365556.0,351861.0,8067.0
2020-05-29,Rajasthan,379315.0,365925.0,8365.0
2020-05-30,Rajasthan,395490.0,382315.0,8617.0
2020-05-31,Rajasthan,409777.0,396789.0,8831.0
2020-06-01,Rajasthan,425184.0,411965.0,9100.0
2020-06-02,Rajasthan,440789.0,428471.0,9373.0
2020-06-03,Rajasthan,454788.0,440850.0,9652.0
2020-06-04,Rajasthan,467129.0,451826.0,9862.0
2020-06-05,Rajasthan,480910.0,465349.0,10084.0
2020-06-06,Rajasthan,494480.0,478366.0,10337.0
2020-06-07,Rajasthan,506784.0,491233.0,10599.0
2020-06-08,Rajasthan,518350.0,503208.0,10876.0
2020-06-09,Rajasthan,530031.0,515872.0,11245.0
2020-06-10,Rajasthan,543312.0,527864.0,11600.0
2020-05-04,Sikkim,170.0,169.0,0.0
2020-05-05,Sikkim,181.0,171.0,0.0
2020-05-06,Sikkim,189.0,189.0,0.0
2020-05-07,Sikkim,216.0,207.0,0.0
2020-05-08,Sikkim,216.0,214.0,0.0
2020-05-09,Sikkim,219.0,219.0,0.0
2020-05-10,Sikkim,219.0,219.0,0.0
2020-05-11,Sikkim,219.0,219.0,0.0
2020-05-12,Sikkim,348.0,229.0,0.0
2020-05-13,Sikkim,439.0,268.0,0.0
2020-05-14,Sikkim,579.0,292.0,0.0
2020-05-15,Sikkim,348.0,229.0,0.0
2020-05-16,Sikkim,840.0,424.0,0.0
2020-05-17,Sikkim,947.0,449.0,0.0
2020-05-18,Sikkim,1087.0,536.0,0.0
2020-05-19,Sikkim,1204.0,827.0,0.0
2020-05-20,Sikkim,1342.0,955.0,0.0
2020-05-22,Sikkim,1637.0,1347.0,0.0
2020-05-23,Sikkim,1707.0,1398.0,0.0
2020-05-24,Sikkim,1855.0,1471.0,1.0
2020-05-25,Sikkim,2103.0,1508.0,1.0
2020-05-26,Sikkim,2255.0,1508.0,1.0
2020-05-27,Sikkim,2417.0,1665.0,1.0
2020-05-28,Sikkim,2626.0,1801.0,1.0
2020-05-29,Sikkim,2759.0,1880.0,1.0
2020-05-30,Sikkim,2829.0,2015.0,1.0
2020-05-31,Sikkim,2925.0,2173.0,1.0
2020-06-01,Sikkim,3525.0,2601.0,1.0
2020-06-02,Sikkim,3788.0,2857.0,1.0
2020-06-03,Sikkim,4102.0,3062.0,2.0
2020-06-04,Sikkim,4358.0,3894.0,2.0
2020-06-05,Sikkim,4761.0,4143.0,3.0
2020-06-06,Sikkim,5005.0,4273.0,3.0
2020-06-08,Sikkim,5547.0,4953.0,6.0
2020-06-09,Sikkim,5815.0,5508.0,12.0
2020-06-10,Sikkim,6161.0,5850.0,12.0
2020-04-03,Tamil Nadu,3684.0,2789.0,411.0
2020-04-08,Tamil Nadu,5305.0,4414.0,690.0
2020-04-09,Tamil Nadu,7267.0,5824.0,834.0
2020-04-10,Tamil Nadu,8410.0,6838.0,911.0
2020-04-11,Tamil Nadu,9842.0,7779.0,969.0
2020-04-12,Tamil Nadu,10655.0,,1075.0
2020-04-13,Tamil Nadu,12746.0,,1173.0
2020-04-14,Tamil Nadu,19255.0,13234.0,1204.0
2020-04-15,Tamil Nadu,21994.0,15210.0,1242.0
2020-04-16,Tamil Nadu,26005.0,18743.0,1267.0
2020-04-17,Tamil Nadu,29673.0,21628.0,1323.0
2020-04-18,Tamil Nadu,35036.0,27192.0,1372.0
2020-04-19,Tamil Nadu,40876.0,31853.0,1477.0
2020-04-20,Tamil Nadu,46985.0,38082.0,1520.0
2020-04-21,Tamil Nadu,53045.0,43582.0,1596.0
2020-04-22,Tamil Nadu,59023.0,49506.0,1629.0
2020-04-23,Tamil Nadu,65977.0,56836.0,1683.0
2020-04-24,Tamil Nadu,72403.0,62596.0,1755.0
2020-04-25,Tamil Nadu,80110.0,69390.0,1821.0
2020-04-26,Tamil Nadu,87605.0,77133.0,1885.0
2020-04-27,Tamil Nadu,94781.0,83021.0,1937.0
2020-04-28,Tamil Nadu,101874.0,97908.0,2058.0
2020-04-29,Tamil Nadu,109961.0,105864.0,2162.0
2020-04-30,Tamil Nadu,119748.0,115761.0,2323.0
2020-05-01,Tamil Nadu,129363.0,124852.0,2526.0
2020-05-02,Tamil Nadu,139490.0,135698.0,2757.0
2020-05-03,Tamil Nadu,150107.0,145520.0,3023.0
2020-05-04,Tamil Nadu,162970.0,158558.0,3550.0
2020-05-05,Tamil Nadu,174828.0,170174.0,4058.0
2020-05-06,Tamil Nadu,188241.0,182541.0,4829.0
2020-05-07,Tamil Nadu,202436.0,195831.0,5409.0
2020-05-08,Tamil Nadu,216416.0,209495.0,6009.0
2020-05-09,Tamil Nadu,229670.0,222576.0,6535.0
2020-05-10,Tamil Nadu,243037.0,235157.0,7204.0
2020-05-11,Tamil Nadu,254899.0,245562.0,8002.0
2020-05-12,Tamil Nadu,266687.0,256720.0,8718.0
2020-05-13,Tamil Nadu,279467.0,269758.0,9227.0
2020-05-14,Tamil Nadu,291432.0,281001.0,9674.0
2020-05-15,Tamil Nadu,303104.0,292045.0,10108.0
2020-05-16,Tamil Nadu,313639.0,302523.0,10585.0
2020-05-17,Tamil Nadu,326720.0,315019.0,11224.0
2020-05-18,Tamil Nadu,337841.0,325546.0,11760.0
2020-05-19,Tamil Nadu,348174.0,334839.0,12448.0
2020-05-20,Tamil Nadu,360068.0,346311.0,13191.0
2020-05-21,Tamil Nadu,372532.0,357898.0,13967.0
2020-05-22,Tamil Nadu,385185.0,369929.0,14735.0
2020-05-23,Tamil Nadu,397340.0,381216.0,15512.0
2020-05-24,Tamil Nadu,409615.0,392690.0,16277.0
2020-05-25,Tamil Nadu,421450.0,403762.0,17082.0
2020-05-26,Tamil Nadu,431739.0,413455.0,17728.0
2020-05-27,Tamil Nadu,442970.0,423775.0,18545.0
2020-05-28,Tamil Nadu,455216.0,435279.0,19372.0
2020-05-29,Tamil Nadu,466550.0,445668.0,20246.0
2020-05-30,Tamil Nadu,479155.0,457405.0,21184.0
2020-05-31,Tamil Nadu,491962.0,468940.0,22333.0
2020-06-01,Tamil Nadu,503339.0,479208.0,23495.0
2020-06-02,Tamil Nadu,514433.0,489258.0,24586.0
2020-06-03,Tamil Nadu,528534.0,502173.0,25872.0
2020-06-04,Tamil Nadu,544981.0,517137.0,27256.0
2020-06-05,Tamil Nadu,560673.0,535254.0,28694.0
2020-06-06,Tamil Nadu,576695.0,545896.0,30152.0
2020-06-07,Tamil Nadu,592970.0,560890.0,31667.0
2020-06-08,Tamil Nadu,607952.0,574209.0,33229.0
2020-06-09,Tamil Nadu,621171.0,585678.0,34914.0
2020-06-10,Tamil Nadu,638846.0,601363.0,36841.0
2020-04-19,Telangana,14962.0,14104.0,858.0
2020-04-28,Telangana,19063.0,,1009.0
2020-04-29,Telangana,19278.0,,1016.0
2020-05-16,Telangana,23388.0,,1551.0
2020-04-11,Tripura,337.0,335.0,2.0
2020-04-15,Tripura,738.0,,2.0
2020-04-16,Tripura,762.0,760.0,2.0
2020-04-21,Tripura,2604.0,2602.0,2.0
2020-04-22,Tripura,3215.0,3123.0,2.0
2020-05-01,Tripura,4828.0,4825.0,3.0
2020-05-02,Tripura,4955.0,4950.0,5.0
2020-05-03,Tripura,5162.0,5157.0,5.0
2020-05-04,Tripura,5394.0,5377.0,17.0
2020-05-05,Tripura,5850.0,5820.0,30.0
2020-05-06,Tripura,6228.0,6185.0,43.0
2020-05-07,Tripura,6917.0,6828.0,89.0
2020-05-08,Tripura,7448.0,7359.0,89.0
2020-05-09,Tripura,8340.0,8221.0,119.0
2020-05-10,Tripura,9091.0,8955.0,136.0
2020-05-11,Tripura,9596.0,9442.0,154.0
2020-05-12,Tripura,10344.0,10189.0,155.0
2020-05-13,Tripura,11146.0,10991.0,155.0
2020-05-14,Tripura,11804.0,11648.0,156.0
2020-05-15,Tripura,12561.0,12405.0,156.0
2020-05-16,Tripura,13178.0,13011.0,167.0
2020-05-17,Tripura,13750.0,13583.0,167.0
2020-05-18,Tripura,14286.0,14119.0,167.0
2020-05-19,Tripura,15083.0,14914.0,169.0
2020-05-20,Tripura,15822.0,15694.0,173.0
2020-05-21,Tripura,16873.0,16610.0,173.0
2020-05-22,Tripura,17721.0,17546.0,175.0
2020-05-23,Tripura,18737.0,18546.0,191.0
2020-05-24,Tripura,19278.0,19537.0,191.0
2020-05-25,Tripura,20871.0,20637.0,198.0
2020-05-26,Tripura,22049.0,21840.0,209.0
2020-05-27,Tripura,23264.0,23032.0,232.0
2020-05-28,Tripura,24126.0,23884.0,242.0
2020-05-29,Tripura,25403.0,25159.0,244.0
2020-05-30,Tripura,26376.0,26105.0,271.0
2020-05-31,Tripura,27475.0,27159.0,316.0
2020-06-01,Tripura,28360.0,27937.0,423.0
2020-06-02,Tripura,29066.0,28595.0,471.0
2020-06-03,Tripura,30481.0,29859.0,622.0
2020-06-04,Tripura,31138.0,30492.0,646.0
2020-06-05,Tripura,32300.0,31606.0,694.0
2020-06-06,Tripura,33331.0,32582.0,749.0
2020-06-07,Tripura,35263.0,34461.0,802.0
2020-06-08,Tripura,37453.0,36613.0,840.0
2020-06-09,Tripura,38572.0,37706.0,866.0
2020-06-10,Tripura,40027.0,39130.0,897.0
2020-04-05,Uttar Pradesh,5255.0,4796.0,278.0
2020-04-05,Uttar Pradesh,5255.0,4796.0,278.0
2020-04-09,Uttar Pradesh,8402.0,7898.0,410.0
2020-04-10,Uttar Pradesh,9332.0,8798.0,433.0
2020-04-11,Uttar Pradesh,10595.0,10012.0,452.0
2020-04-12,Uttar Pradesh,11855.0,11250.0,483.0
2020-04-13,Uttar Pradesh,13287.0,12542.0,558.0
2020-04-14,Uttar Pradesh,15914.0,15134.0,660.0
2020-04-15,Uttar Pradesh,19506.0,18595.0,727.0
2020-04-16,Uttar Pradesh,21384.0,20374.0,805.0
2020-04-17,Uttar Pradesh,24643.0,23648.0,849.0
2020-04-18,Uttar Pradesh,28484.0,27262.0,974.0
2020-04-19,Uttar Pradesh,31767.0,,1100.0
2020-04-20,Uttar Pradesh,34326.0,32874.0,1184.0
2020-04-21,Uttar Pradesh,37933.0,36378.0,1337.0
2020-04-22,Uttar Pradesh,42192.0,40263.0,1449.0
2020-04-23,Uttar Pradesh,45483.0,43495.0,1510.0
2020-04-24,Uttar Pradesh,53166.0,51161.0,1621.0
2020-04-25,Uttar Pradesh,56851.0,54216.0,1793.0
2020-04-26,Uttar Pradesh,61799.0,58492.0,1873.0
2020-04-27,Uttar Pradesh,67145.0,64139.0,1896.0
2020-04-28,Uttar Pradesh,70307.0,67266.0,2053.0
2020-04-29,Uttar Pradesh,73716.0,70436.0,2134.0
2020-04-30,Uttar Pradesh,78013.0,74864.0,2211.0
2020-05-01,Uttar Pradesh,82459.0,79091.0,2328.0
2020-05-02,Uttar Pradesh,85729.0,82356.0,2487.0
2020-05-03,Uttar Pradesh,95841.0,91828.0,2645.0
2020-05-04,Uttar Pradesh,98300.0,94682.0,2766.0
2020-05-05,Uttar Pradesh,105234.0,101389.0,2880.0
2020-05-06,Uttar Pradesh,109888.0,106043.0,2998.0
2020-05-07,Uttar Pradesh,113670.0,109628.0,3071.0
2020-05-08,Uttar Pradesh,119688.0,115646.0,3214.0
2020-05-09,Uttar Pradesh,124791.0,120764.0,3373.0
2020-05-10,Uttar Pradesh,129955.0,125696.0,3467.0
2020-05-11,Uttar Pradesh,135760.0,131293.0,3573.0
2020-05-12,Uttar Pradesh,140166.0,135754.0,3664.0
2020-05-13,Uttar Pradesh,145637.0,141068.0,3578.0
2020-05-14,Uttar Pradesh,153139.0,147755.0,3902.0
2020-05-15,Uttar Pradesh,159282.0,153588.0,4057.0
2020-05-16,Uttar Pradesh,163105.0,157001.0,4258.0
2020-05-17,Uttar Pradesh,172219.0,165832.0,4464.0
2020-05-18,Uttar Pradesh,176479.0,170132.0,4605.0
2020-05-19,Uttar Pradesh,182184.0,175412.0,4926.0
2020-05-20,Uttar Pradesh,191164.0,184209.0,5175.0
2020-05-21,Uttar Pradesh,206811.0,199469.0,5515.0
2020-05-22,Uttar Pradesh,214060.0,207079.0,5735.0
2020-05-23,Uttar Pradesh,217867.0,210864.0,6017.0
2020-05-24,Uttar Pradesh,229621.0,222341.0,6268.0
2020-05-25,Uttar Pradesh,235622.0,228173.0,6497.0
2020-05-26,Uttar Pradesh,240588.0,232290.0,6724.0
2020-05-27,Uttar Pradesh,240588.0,239592.0,6991.0
2020-05-28,Uttar Pradesh,256267.0,247747.0,7170.0
2020-05-29,Uttar Pradesh,270920.0,261911.0,7445.0
2020-05-30,Uttar Pradesh,279288.0,270160.0,7701.0
2020-05-31,Uttar Pradesh,289892.0,279569.0,8075.0
2020-06-01,Uttar Pradesh,297903.0,287806.0,8361.0
2020-06-02,Uttar Pradesh,307621.0,296705.0,8729.0
2020-06-03,Uttar Pradesh,317780.0,306672.0,8870.0
2020-06-04,Uttar Pradesh,330663.0,318562.0,9237.0
2020-06-05,Uttar Pradesh,344717.0,332126.0,9733.0
2020-06-06,Uttar Pradesh,355085.0,342360.0,10103.0
2020-06-07,Uttar Pradesh,360258.0,346684.0,10536.0
2020-06-08,Uttar Pradesh,380723.0,366630.0,10947.0
2020-06-09,Uttar Pradesh,391286.0,377667.0,11335.0
2020-06-10,Uttar Pradesh,404637.0,390841.0,11610.0
2020-04-02,Uttarakhand,678.0,554.0,7.0
2020-04-07,Uttarakhand,1289.0,1092.0,32.0
2020-04-09,Uttarakhand,1531.0,1235.0,35.0
2020-04-10,Uttarakhand,1688.0,1320.0,35.0
2020-04-11,Uttarakhand,1705.0,1340.0,35.0
2020-04-12,Uttarakhand,1820.0,1452.0,35.0
2020-04-13,Uttarakhand,1998.0,1665.0,35.0
2020-04-14,Uttarakhand,2174.0,1838.0,35.0
2020-04-15,Uttarakhand,2413.0,2022.0,37.0
2020-04-16,Uttarakhand,2593.0,2210.0,37.0
2020-04-17,Uttarakhand,2831.0,2420.0,40.0
2020-04-18,Uttarakhand,3158.0,2710.0,42.0
2020-04-19,Uttarakhand,3344.0,3046.0,44.0
2020-04-20,Uttarakhand,3677.0,3228.0,46.0
2020-04-21,Uttarakhand,4061.0,3445.0,46.0
2020-04-22,Uttarakhand,4275.0,3664.0,46.0
2020-04-23,Uttarakhand,4473.0,3879.0,47.0
2020-04-24,Uttarakhand,4767.0,4239.0,48.0
2020-04-25,Uttarakhand,5194.0,4423.0,48.0
2020-04-26,Uttarakhand,5277.0,4675.0,50.0
2020-04-27,Uttarakhand,5463.0,4912.0,51.0
2020-04-28,Uttarakhand,5739.0,5212.0,52.0
2020-04-29,Uttarakhand,6046.0,5547.0,54.0
2020-04-30,Uttarakhand,6565.0,6100.0,57.0
2020-05-01,Uttarakhand,7042.0,6533.0,57.0
2020-05-02,Uttarakhand,7369.0,6786.0,59.0
2020-05-03,Uttarakhand,7578.0,6986.0,60.0
2020-05-04,Uttarakhand,7806.0,7134.0,60.0
2020-05-05,Uttarakhand,8060.0,7357.0,61.0
2020-05-06,Uttarakhand,8346.0,7698.0,61.0
2020-05-07,Uttarakhand,8783.0,8138.0,61.0
2020-05-08,Uttarakhand,9116.0,8485.0,61.0
2020-05-09,Uttarakhand,9386.0,8659.0,67.0
2020-05-10,Uttarakhand,9668.0,8990.0,68.0
2020-05-11,Uttarakhand,9915.0,9151.0,68.0
2020-05-12,Uttarakhand,10471.0,9390.0,68.0
2020-05-13,Uttarakhand,10792.0,9750.0,70.0
2020-05-14,Uttarakhand,11294.0,10157.0,75.0
2020-05-15,Uttarakhand,12045.0,10523.0,79.0
2020-05-16,Uttarakhand,12597.0,10990.0,88.0
2020-05-17,Uttarakhand,13212.0,11316.0,92.0
2020-05-18,Uttarakhand,13870.0,11812.0,93.0
2020-05-19,Uttarakhand,14691.0,12242.0,104.0
2020-05-20,Uttarakhand,15503.0,12945.0,120.0
2020-05-21,Uttarakhand,16528.0,13808.0,132.0
2020-05-22,Uttarakhand,18008.0,14960.0,151.0
2020-05-23,Uttarakhand,19248.0,15757.0,173.0
2020-05-24,Uttarakhand,20969.0,16640.0,293.0
2020-05-25,Uttarakhand,22117.0,17315.0,332.0
2020-05-26,Uttarakhand,23076.0,18193.0,400.0
2020-05-27,Uttarakhand,23975.0,18645.0,438.0
2020-05-28,Uttarakhand,25380.0,19702.0,493.0
2020-05-29,Uttarakhand,26951.0,20636.0,602.0
2020-05-30,Uttarakhand,28433.0,21512.0,727.0
2020-05-31,Uttarakhand,30438.0,22546.0,802.0
2020-06-01,Uttarakhand,31703.0,23400.0,929.0
2020-06-02,Uttarakhand,33081.0,24262.0,999.0
2020-06-03,Uttarakhand,34413.0,25385.0,1066.0
2020-06-04,Uttarakhand,35117.0,26093.0,1145.0
2020-06-05,Uttarakhand,35967.0,27184.0,1215.0
2020-06-06,Uttarakhand,36638.0,28172.0,1245.0
2020-06-07,Uttarakhand,37166.0,28945.0,1341.0
2020-06-08,Uttarakhand,39133.0,30620.0,1380.0
2020-06-09,Uttarakhand,40264.0,31945.0,1488.0
2020-06-10,Uttarakhand,40872.0,33369.0,1560.0
2020-04-01,West Bengal,659.0,568.0,37.0
2020-04-04,West Bengal,1042.0,,
2020-04-06,West Bengal,1301.0,,
2020-04-07,West Bengal,1487.0,,
2020-04-09,West Bengal,1889.0,,
2020-04-10,West Bengal,2095.0,,
2020-04-11,West Bengal,2286.0,,126.0
2020-04-12,West Bengal,2523.0,,134.0
2020-04-13,West Bengal,2793.0,,152.0
2020-04-14,West Bengal,3081.0,,190.0
2020-04-15,West Bengal,3470.0,,213.0
2020-04-16,West Bengal,3811.0,,231.0
2020-04-17,West Bengal,4212.0,,255.0
2020-04-18,West Bengal,4630.0,,287.0
2020-04-19,West Bengal,5045.0,,310.0
2020-04-20,West Bengal,5469.0,,339.0
2020-04-21,West Bengal,6182.0,,392.0
2020-04-22,West Bengal,7037.0,,423.0
2020-04-23,West Bengal,7990.0,,456.0
2020-04-24,West Bengal,8933.0,,514.0
2020-04-25,West Bengal,9880.0,,571.0
2020-04-26,West Bengal,10893.0,,611.0
2020-04-27,West Bengal,12043.0,,649.0
2020-04-28,West Bengal,13223.0,,697.0
2020-04-29,West Bengal,14620.0,,725.0
2020-04-30,West Bengal,16525.0,,758.0
2020-05-01,West Bengal,18566.0,,
2020-05-02,West Bengal,20976.0,,795.0
2020-05-03,West Bengal,22915.0,,922.0
2020-05-04,West Bengal,25116.0,,1259.0
2020-05-05,West Bengal,27571.0,,1344.0
2020-05-06,West Bengal,30141.0,,1456.0
2020-05-07,West Bengal,32752.0,,1548.0
2020-05-08,West Bengal,35767.0,,1678.0
2020-05-09,West Bengal,39368.0,,1786.0
2020-05-10,West Bengal,43414.0,,1939.0
2020-05-11,West Bengal,47615.0,,2063.0
2020-05-12,West Bengal,52622.0,,2173.0
2020-05-13,West Bengal,57632.0,,2290.0
2020-05-14,West Bengal,62837.0,,2377.0
2020-05-15,West Bengal,69543.0,,2461.0
2020-05-16,West Bengal,77288.0,,2576.0
2020-05-17,West Bengal,85956.0,,2677.0
2020-05-18,West Bengal,93570.0,,2825.0
2020-05-19,West Bengal,102282.0,,2961.0
2020-05-20,West Bengal,111002.0,,3103.0
2020-05-21,West Bengal,115244.0,,3197.0
2020-05-22,West Bengal,120599.0,,3332.0
2020-05-23,West Bengal,129608.0,,3459.0
2020-05-24,West Bengal,138824.0,,3667.0
2020-05-25,West Bengal,148049.0,,3816.0
2020-05-26,West Bengal,157277.0,,4009.0
2020-05-27,West Bengal,166513.0,,4192.0
2020-05-28,West Bengal,175769.0,,4536.0
2020-05-29,West Bengal,185051.0,,4813.0
2020-05-30,West Bengal,194397.0,,5130.0
2020-05-31,West Bengal,203751.0,,5501.0
2020-06-01,West Bengal,213231.0,,5772.0
2020-06-02,West Bengal,222726.0,,6168.0
2020-06-03,West Bengal,232225.0,,6508.0
2020-06-04,West Bengal,241831.0,,6876.0
2020-06-05,West Bengal,251517.0,,7303.0
2020-06-06,West Bengal,261288.0,,7738.0
2020-06-07,West Bengal,271074.0,,8187.0
2020-06-08,West Bengal,280098.0,,8613.0
2020-06-09,West Bengal,287900.0,,8985.0
2020-06-10,West Bengal,297419.0,,9328.0
